{"v":"5.6.10","fr":24,"ip":0,"op":360,"w":1920,"h":1080,"nm":"Graphic  A","ddd":0,"assets":[{"id":"comp_0","layers":[{"ddd":0,"ind":1,"ty":4,"nm":"R Hand","sr":1,"ks":{"o":{"a":0,"k":100,"ix":11},"r":{"a":1,"k":[{"i":{"x":[0.336],"y":[0.999]},"o":{"x":[0.333],"y":[0]},"t":0,"s":[-25],"e":[100.238]},{"i":{"x":[0.667],"y":[1]},"o":{"x":[0.333],"y":[0]},"t":49,"s":[100.238],"e":[-25]},{"i":{"x":[0.169],"y":[0.913]},"o":{"x":[0.333],"y":[0]},"t":94,"s":[-25],"e":[100.238]},{"i":{"x":[0.439],"y":[0.955]},"o":{"x":[0.373],"y":[-0.029]},"t":143,"s":[100.238],"e":[-25]},{"i":{"x":[0.45],"y":[0.983]},"o":{"x":[0.308],"y":[0.161]},"t":188,"s":[-25],"e":[100.238]},{"i":{"x":[0.433],"y":[0.985]},"o":{"x":[0.333],"y":[0]},"t":237,"s":[100.238],"e":[-25]},{"i":{"x":[0.667],"y":[1]},"o":{"x":[0.333],"y":[0]},"t":282,"s":[-25],"e":[100.238]},{"t":331}],"ix":10},"p":{"a":0,"k":[904,556,0],"ix":2},"a":{"a":0,"k":[-48,52,0],"ix":1},"s":{"a":0,"k":[100.356,99.646,100],"ix":6}},"ao":0,"shapes":[{"ty":"gr","it":[{"ind":0,"ty":"sh","ix":1,"ks":{"a":1,"k":[{"i":{"x":0.667,"y":1},"o":{"x":0.333,"y":0},"t":0,"s":[{"i":[[0,0],[-176.36,18.134]],"o":[[0,0],[75.159,-7.728]],"v":[[-48,48],[139.923,163.779]],"c":false}],"e":[{"i":[[0,0],[-166.142,-34.537]],"o":[[0,0],[73.974,15.378]],"v":[[-48,48],[139.923,163.779]],"c":false}]},{"i":{"x":0.667,"y":1},"o":{"x":0.333,"y":0},"t":49,"s":[{"i":[[0,0],[-166.142,-34.537]],"o":[[0,0],[73.974,15.378]],"v":[[-48,48],[139.923,163.779]],"c":false}],"e":[{"i":[[0,0],[-176.36,18.134]],"o":[[0,0],[75.159,-7.728]],"v":[[-48,48],[139.923,163.779]],"c":false}]},{"i":{"x":0.667,"y":1},"o":{"x":0.333,"y":0},"t":94,"s":[{"i":[[0,0],[-176.36,18.134]],"o":[[0,0],[75.159,-7.728]],"v":[[-48,48],[139.923,163.779]],"c":false}],"e":[{"i":[[0,0],[-166.142,-34.537]],"o":[[0,0],[73.974,15.378]],"v":[[-48,48],[139.923,163.779]],"c":false}]},{"i":{"x":0.667,"y":1},"o":{"x":0.167,"y":0},"t":143,"s":[{"i":[[0,0],[-166.142,-34.537]],"o":[[0,0],[73.974,15.378]],"v":[[-48,48],[139.923,163.779]],"c":false}],"e":[{"i":[[0,0],[-176.36,18.134]],"o":[[0,0],[75.159,-7.728]],"v":[[-48,48],[139.923,163.779]],"c":false}]},{"i":{"x":0.667,"y":1},"o":{"x":0.333,"y":0},"t":188,"s":[{"i":[[0,0],[-176.36,18.134]],"o":[[0,0],[75.159,-7.728]],"v":[[-48,48],[139.923,163.779]],"c":false}],"e":[{"i":[[0,0],[-166.142,-34.537]],"o":[[0,0],[73.974,15.378]],"v":[[-48,48],[139.923,163.779]],"c":false}]},{"i":{"x":0.667,"y":1},"o":{"x":0.333,"y":0},"t":237,"s":[{"i":[[0,0],[-166.142,-34.537]],"o":[[0,0],[73.974,15.378]],"v":[[-48,48],[139.923,163.779]],"c":false}],"e":[{"i":[[0,0],[-176.36,18.134]],"o":[[0,0],[75.159,-7.728]],"v":[[-48,48],[139.923,163.779]],"c":false}]},{"i":{"x":0.667,"y":1},"o":{"x":0.333,"y":0},"t":282,"s":[{"i":[[0,0],[-176.36,18.134]],"o":[[0,0],[75.159,-7.728]],"v":[[-48,48],[139.923,163.779]],"c":false}],"e":[{"i":[[0,0],[-166.142,-34.537]],"o":[[0,0],[73.974,15.378]],"v":[[-48,48],[139.923,163.779]],"c":false}]},{"t":331}],"ix":2},"nm":"Ã¨Â·Â¯Ã¥Â¾Â 1","mn":"ADBE Vector Shape - Group","hd":false},{"ty":"st","c":{"a":0,"k":[0.83,0.83,0.83,1],"ix":3},"o":{"a":0,"k":100,"ix":4},"w":{"a":0,"k":90,"ix":5},"lc":2,"lj":2,"bm":0,"nm":"Ã¦ÂÂÃ¨Â¾Â¹ 1","mn":"ADBE Vector Graphic - Stroke","hd":false},{"ty":"tr","p":{"a":0,"k":[-53.234,48.844],"ix":2},"a":{"a":0,"k":[-53.351,48.716],"ix":1},"s":{"a":0,"k":[100,100],"ix":3},"r":{"a":0,"k":-0.137,"ix":6},"o":{"a":0,"k":100,"ix":7},"sk":{"a":0,"k":0,"ix":4},"sa":{"a":0,"k":0,"ix":5},"nm":"Ã¥ÂÂÃ¦ÂÂ¢"}],"nm":"Ã¥Â½Â¢Ã§ÂÂ¶ 1","np":3,"cix":2,"bm":0,"ix":1,"mn":"ADBE Vector Group","hd":false}],"ip":0,"op":360,"st":0,"bm":0},{"ddd":0,"ind":2,"ty":0,"nm":"R Foot","refId":"comp_1","sr":1,"ks":{"o":{"a":0,"k":100,"ix":11},"r":{"a":1,"k":[{"i":{"x":[0.588],"y":[0.795]},"o":{"x":[0.445],"y":[-0.258]},"t":0,"s":[41.594],"e":[-45.227]},{"i":{"x":[0.295],"y":[0.936]},"o":{"x":[0.396],"y":[0.163]},"t":49,"s":[-45.227],"e":[41.594]},{"i":{"x":[0.477],"y":[0.773]},"o":{"x":[0.333],"y":[0]},"t":94,"s":[41.594],"e":[-45.227]},{"i":{"x":[0.382],"y":[0.931]},"o":{"x":[0.264],"y":[0.26]},"t":141,"s":[-45.227],"e":[41.594]},{"i":{"x":[0.667],"y":[1]},"o":{"x":[0.333],"y":[0]},"t":188,"s":[41.594],"e":[-50.286]},{"i":{"x":[0.353],"y":[0.935]},"o":{"x":[0.109],"y":[-0.096]},"t":238.012,"s":[-50.286],"e":[36.534]},{"i":{"x":[0.667],"y":[1]},"o":{"x":[0.235],"y":[0.041]},"t":283.012,"s":[36.534],"e":[-45.227]},{"t":331}],"ix":10},"p":{"a":0,"k":[960,756,0],"ix":2},"a":{"a":0,"k":[960,816,0],"ix":1},"s":{"a":0,"k":[99.987,100.013,100],"ix":6}},"ao":0,"w":1920,"h":1080,"ip":0,"op":360,"st":0,"bm":0},{"ddd":0,"ind":3,"ty":4,"nm":"Body","sr":1,"ks":{"o":{"a":0,"k":100,"ix":11},"r":{"a":0,"k":0,"ix":10},"p":{"a":0,"k":[956,476,0],"ix":2},"a":{"a":0,"k":[0,0,0],"ix":1},"s":{"a":0,"k":[122.192,105.264,100],"ix":6}},"ao":0,"hasMask":true,"masksProperties":[{"inv":false,"mode":"a","pt":{"a":0,"k":{"i":[[0,0],[0,0],[0,0],[0,0]],"o":[[0,0],[0,0],[0,0],[0,0]],"v":[[-109.598,15.2],[-109.598,303.976],[117.52,303.976],[117.52,15.2]],"c":true},"ix":1},"o":{"a":0,"k":100,"ix":3},"x":{"a":0,"k":0,"ix":4},"nm":"Ã¨ÂÂÃ§ÂÂ 1"}],"shapes":[{"ty":"gr","it":[{"ty":"rc","d":1,"s":{"a":0,"k":[135.865,82.724],"ix":2},"p":{"a":1,"k":[{"i":{"x":0,"y":1},"o":{"x":0.333,"y":0},"t":0,"s":[3.274,3.8],"e":[-22.915,3.8],"to":[-4.365,0],"ti":[0,0]},{"i":{"x":0,"y":1},"o":{"x":0.333,"y":0},"t":48,"s":[-22.915,3.8],"e":[3.274,3.8],"to":[0,0],"ti":[0,0]},{"i":{"x":0,"y":1},"o":{"x":0.333,"y":0},"t":96,"s":[3.274,3.8],"e":[-22.915,3.8],"to":[0,0],"ti":[0,0]},{"i":{"x":0,"y":1},"o":{"x":0.333,"y":0},"t":144,"s":[-22.915,3.8],"e":[3.274,3.8],"to":[0,0],"ti":[0,0]},{"i":{"x":0,"y":1},"o":{"x":0.333,"y":0},"t":192,"s":[3.274,3.8],"e":[-22.915,3.8],"to":[0,0],"ti":[0,0]},{"i":{"x":0,"y":1},"o":{"x":0.333,"y":0},"t":240,"s":[-22.915,3.8],"e":[3.274,3.8],"to":[0,0],"ti":[0,0]},{"i":{"x":0,"y":1},"o":{"x":0.333,"y":0},"t":288,"s":[3.274,3.8],"e":[-22.915,3.8],"to":[0,0],"ti":[4.365,0]},{"t":336}],"ix":3},"r":{"a":0,"k":31,"ix":4},"nm":"Ã§ÂÂ©Ã¥Â½Â¢Ã¨Â·Â¯Ã¥Â¾Â 1","mn":"ADBE Vector Shape - Rect","hd":false},{"ty":"fl","c":{"a":0,"k":[0.334,0.6604,0.946,1],"ix":4},"o":{"a":0,"k":100,"ix":5},"r":1,"bm":0,"nm":"Ã¥Â¡Â«Ã¥ÂÂ 1","mn":"ADBE Vector Graphic - Fill","hd":false},{"ty":"tr","p":{"a":0,"k":[127.567,147.762],"ix":2},"a":{"a":0,"k":[0,0],"ix":1},"s":{"a":0,"k":[100,100],"ix":3},"r":{"a":0,"k":0,"ix":6},"o":{"a":0,"k":100,"ix":7},"sk":{"a":0,"k":0,"ix":4},"sa":{"a":0,"k":0,"ix":5},"nm":"Ã¥ÂÂÃ¦ÂÂ¢"}],"nm":"Ã§ÂÂ©Ã¥Â½Â¢ 3","np":3,"cix":2,"bm":0,"ix":1,"mn":"ADBE Vector Group","hd":false},{"ty":"gr","it":[{"ty":"rc","d":1,"s":{"a":0,"k":[210.376,48.94],"ix":2},"p":{"a":0,"k":[0,0],"ix":3},"r":{"a":0,"k":20,"ix":4},"nm":"Ã§ÂÂ©Ã¥Â½Â¢Ã¨Â·Â¯Ã¥Â¾Â 1","mn":"ADBE Vector Shape - Rect","hd":false},{"ty":"fl","c":{"a":0,"k":[1,1,1,1],"ix":4},"o":{"a":0,"k":100,"ix":5},"r":1,"bm":0,"nm":"Ã¥Â¡Â«Ã¥ÂÂ 1","mn":"ADBE Vector Graphic - Fill","hd":false},{"ty":"tr","p":{"a":0,"k":[3.708,39.67],"ix":2},"a":{"a":0,"k":[0,0],"ix":1},"s":{"a":0,"k":[100,100],"ix":3},"r":{"a":0,"k":0,"ix":6},"o":{"a":0,"k":100,"ix":7},"sk":{"a":0,"k":0,"ix":4},"sa":{"a":0,"k":0,"ix":5},"nm":"Ã¥ÂÂÃ¦ÂÂ¢"}],"nm":"Ã§ÂÂ©Ã¥Â½Â¢ 2","np":3,"cix":2,"bm":0,"ix":2,"mn":"ADBE Vector Group","hd":false},{"ty":"gr","it":[{"ty":"rc","d":1,"s":{"a":0,"k":[197.953,173.234],"ix":2},"p":{"a":0,"k":[0,0],"ix":3},"r":{"a":0,"k":58,"ix":4},"nm":"Ã§ÂÂ©Ã¥Â½Â¢Ã¨Â·Â¯Ã¥Â¾Â 1","mn":"ADBE Vector Shape - Rect","hd":false},{"ty":"fl","c":{"a":0,"k":[0.9,0.9533,1,1],"ix":4},"o":{"a":0,"k":100,"ix":5},"r":1,"bm":0,"nm":"Ã¥Â¡Â«Ã¥ÂÂ 1","mn":"ADBE Vector Graphic - Fill","hd":false},{"ty":"tr","p":{"a":0,"k":[3.961,166.352],"ix":2},"a":{"a":0,"k":[0,0],"ix":1},"s":{"a":0,"k":[114.734,158.888],"ix":3},"r":{"a":0,"k":0,"ix":6},"o":{"a":0,"k":100,"ix":7},"sk":{"a":0,"k":0,"ix":4},"sa":{"a":0,"k":0,"ix":5},"nm":"Ã¥ÂÂÃ¦ÂÂ¢"}],"nm":"Ã§ÂÂ©Ã¥Â½Â¢ 1","np":3,"cix":2,"bm":0,"ix":3,"mn":"ADBE Vector Group","hd":false}],"ip":0,"op":360,"st":0,"bm":0},{"ddd":0,"ind":4,"ty":4,"nm":"Bag","sr":1,"ks":{"o":{"a":0,"k":100,"ix":11},"r":{"a":0,"k":0,"ix":10},"p":{"a":1,"k":[{"i":{"x":0.107,"y":1},"o":{"x":0.333,"y":0},"t":0,"s":[980,468,0],"e":[1011.308,468,0],"to":[5.218,0,0],"ti":[0,0,0]},{"i":{"x":0.061,"y":1},"o":{"x":0.333,"y":0},"t":52,"s":[1011.308,468,0],"e":[980,468,0],"to":[0,0,0],"ti":[0,0,0]},{"i":{"x":0.107,"y":1},"o":{"x":0.333,"y":0},"t":100,"s":[980,468,0],"e":[1011.308,468,0],"to":[0,0,0],"ti":[0,0,0]},{"i":{"x":0.035,"y":1},"o":{"x":0.333,"y":0},"t":152,"s":[1011.308,468,0],"e":[980,468,0],"to":[0,0,0],"ti":[0,0,0]},{"i":{"x":0.107,"y":1},"o":{"x":0.333,"y":0},"t":198,"s":[980,468,0],"e":[1011.308,468,0],"to":[0,0,0],"ti":[0,0,0]},{"i":{"x":0.061,"y":1},"o":{"x":0.333,"y":0},"t":250,"s":[1011.308,468,0],"e":[980,468,0],"to":[0,0,0],"ti":[0,0,0]},{"i":{"x":0.833,"y":0.833},"o":{"x":0.333,"y":0},"t":298,"s":[980,468,0],"e":[1011.308,468,0],"to":[0,0,0],"ti":[-5.218,0,0]},{"t":350}],"ix":2},"a":{"a":0,"k":[0,0,0],"ix":1},"s":{"a":0,"k":[100,100,100],"ix":6}},"ao":0,"shapes":[{"ty":"gr","it":[{"ty":"rc","d":1,"s":{"a":0,"k":[178.125,273.109],"ix":2},"p":{"a":0,"k":[0,0],"ix":3},"r":{"a":0,"k":60,"ix":4},"nm":"Ã§ÂÂ©Ã¥Â½Â¢Ã¨Â·Â¯Ã¥Â¾Â 1","mn":"ADBE Vector Shape - Rect","hd":false},{"ty":"st","c":{"a":0,"k":[1,1,1,1],"ix":3},"o":{"a":0,"k":100,"ix":4},"w":{"a":0,"k":2,"ix":5},"lc":1,"lj":1,"ml":4,"bm":0,"nm":"Ã¦ÂÂÃ¨Â¾Â¹ 1","mn":"ADBE Vector Graphic - Stroke","hd":false},{"ty":"fl","c":{"a":0,"k":[0.97,0.97,0.97,1],"ix":4},"o":{"a":0,"k":100,"ix":5},"r":1,"bm":0,"nm":"Ã¥Â¡Â«Ã¥ÂÂ 1","mn":"ADBE Vector Graphic - Fill","hd":false},{"ty":"tr","p":{"a":0,"k":[-160.031,165.492],"ix":2},"a":{"a":0,"k":[0,0],"ix":1},"s":{"a":0,"k":[121.728,100],"ix":3},"r":{"a":0,"k":0,"ix":6},"o":{"a":0,"k":100,"ix":7},"sk":{"a":0,"k":0,"ix":4},"sa":{"a":0,"k":0,"ix":5},"nm":"Ã¥ÂÂÃ¦ÂÂ¢"}],"nm":"Ã§ÂÂ©Ã¥Â½Â¢ 1","np":3,"cix":2,"bm":0,"ix":1,"mn":"ADBE Vector Group","hd":false}],"ip":0,"op":360,"st":0,"bm":0},{"ddd":0,"ind":5,"ty":4,"nm":"L Hand ","sr":1,"ks":{"o":{"a":0,"k":100,"ix":11},"r":{"a":1,"k":[{"i":{"x":[0.336],"y":[0.999]},"o":{"x":[0.333],"y":[0]},"t":-49,"s":[-25],"e":[100.238]},{"i":{"x":[0.667],"y":[1]},"o":{"x":[0.333],"y":[0]},"t":0,"s":[100.238],"e":[-25]},{"i":{"x":[0.169],"y":[0.913]},"o":{"x":[0.333],"y":[0]},"t":45,"s":[-25],"e":[100.238]},{"i":{"x":[0.439],"y":[0.955]},"o":{"x":[0.373],"y":[-0.029]},"t":94,"s":[100.238],"e":[-25]},{"i":{"x":[0.45],"y":[0.983]},"o":{"x":[0.308],"y":[0.161]},"t":139,"s":[-25],"e":[100.238]},{"i":{"x":[0.433],"y":[0.985]},"o":{"x":[0.333],"y":[0]},"t":188,"s":[100.238],"e":[-25]},{"i":{"x":[0.45],"y":[0.986]},"o":{"x":[0.333],"y":[0]},"t":233,"s":[-25],"e":[100.238]},{"i":{"x":[0.433],"y":[0.985]},"o":{"x":[0.333],"y":[0]},"t":275,"s":[100.238],"e":[-25]},{"i":{"x":[0.667],"y":[1]},"o":{"x":[0.333],"y":[0]},"t":320,"s":[-25],"e":[100.238]},{"t":331}],"ix":10},"p":{"a":0,"k":[904,556,0],"ix":2},"a":{"a":0,"k":[-48,52,0],"ix":1},"s":{"a":0,"k":[99.961,100.039,100],"ix":6}},"ao":0,"shapes":[{"ty":"gr","it":[{"ind":0,"ty":"sh","ix":1,"ks":{"a":1,"k":[{"i":{"x":0.667,"y":1},"o":{"x":0.333,"y":0},"t":-49,"s":[{"i":[[0,0],[-176.36,18.134]],"o":[[0,0],[75.159,-7.728]],"v":[[-48,48],[139.923,163.779]],"c":false}],"e":[{"i":[[0,0],[-166.142,-34.537]],"o":[[0,0],[73.974,15.378]],"v":[[-48,48],[139.923,163.779]],"c":false}]},{"i":{"x":0.667,"y":1},"o":{"x":0.333,"y":0},"t":0,"s":[{"i":[[0,0],[-166.142,-34.537]],"o":[[0,0],[73.974,15.378]],"v":[[-48,48],[139.923,163.779]],"c":false}],"e":[{"i":[[0,0],[-176.36,18.134]],"o":[[0,0],[75.159,-7.728]],"v":[[-48,48],[139.923,163.779]],"c":false}]},{"i":{"x":0.667,"y":1},"o":{"x":0.333,"y":0},"t":45,"s":[{"i":[[0,0],[-176.36,18.134]],"o":[[0,0],[75.159,-7.728]],"v":[[-48,48],[139.923,163.779]],"c":false}],"e":[{"i":[[0,0],[-166.142,-34.537]],"o":[[0,0],[73.974,15.378]],"v":[[-48,48],[139.923,163.779]],"c":false}]},{"i":{"x":0.667,"y":1},"o":{"x":0.167,"y":0},"t":94,"s":[{"i":[[0,0],[-166.142,-34.537]],"o":[[0,0],[73.974,15.378]],"v":[[-48,48],[139.923,163.779]],"c":false}],"e":[{"i":[[0,0],[-176.36,18.134]],"o":[[0,0],[75.159,-7.728]],"v":[[-48,48],[139.923,163.779]],"c":false}]},{"i":{"x":0.667,"y":1},"o":{"x":0.333,"y":0},"t":139,"s":[{"i":[[0,0],[-176.36,18.134]],"o":[[0,0],[75.159,-7.728]],"v":[[-48,48],[139.923,163.779]],"c":false}],"e":[{"i":[[0,0],[-166.142,-34.537]],"o":[[0,0],[73.974,15.378]],"v":[[-48,48],[139.923,163.779]],"c":false}]},{"i":{"x":0.667,"y":1},"o":{"x":0.333,"y":0},"t":188,"s":[{"i":[[0,0],[-166.142,-34.537]],"o":[[0,0],[73.974,15.378]],"v":[[-48,48],[139.923,163.779]],"c":false}],"e":[{"i":[[0,0],[-176.36,18.134]],"o":[[0,0],[75.159,-7.728]],"v":[[-48,48],[139.923,163.779]],"c":false}]},{"i":{"x":0.667,"y":1},"o":{"x":0.333,"y":0},"t":233,"s":[{"i":[[0,0],[-176.36,18.134]],"o":[[0,0],[75.159,-7.728]],"v":[[-48,48],[139.923,163.779]],"c":false}],"e":[{"i":[[0,0],[-166.142,-34.537]],"o":[[0,0],[73.974,15.378]],"v":[[-48,48],[139.923,163.779]],"c":false}]},{"i":{"x":0.667,"y":1},"o":{"x":0.333,"y":0},"t":275,"s":[{"i":[[0,0],[-166.142,-34.537]],"o":[[0,0],[73.974,15.378]],"v":[[-48,48],[139.923,163.779]],"c":false}],"e":[{"i":[[0,0],[-176.36,18.134]],"o":[[0,0],[75.159,-7.728]],"v":[[-48,48],[139.923,163.779]],"c":false}]},{"i":{"x":0.667,"y":1},"o":{"x":0.333,"y":0},"t":320,"s":[{"i":[[0,0],[-176.36,18.134]],"o":[[0,0],[75.159,-7.728]],"v":[[-48,48],[139.923,163.779]],"c":false}],"e":[{"i":[[0,0],[-166.142,-34.537]],"o":[[0,0],[73.974,15.378]],"v":[[-48,48],[139.923,163.779]],"c":false}]},{"t":331}],"ix":2},"nm":"Ã¨Â·Â¯Ã¥Â¾Â 1","mn":"ADBE Vector Shape - Group","hd":false},{"ty":"st","c":{"a":0,"k":[0.83,0.83,0.83,1],"ix":3},"o":{"a":0,"k":100,"ix":4},"w":{"a":0,"k":90,"ix":5},"lc":2,"lj":2,"bm":0,"nm":"Ã¦ÂÂÃ¨Â¾Â¹ 1","mn":"ADBE Vector Graphic - Stroke","hd":false},{"ty":"tr","p":{"a":0,"k":[-53.234,48.844],"ix":2},"a":{"a":0,"k":[-53.351,48.716],"ix":1},"s":{"a":0,"k":[100,100],"ix":3},"r":{"a":0,"k":-0.137,"ix":6},"o":{"a":0,"k":100,"ix":7},"sk":{"a":0,"k":0,"ix":4},"sa":{"a":0,"k":0,"ix":5},"nm":"Ã¥ÂÂÃ¦ÂÂ¢"}],"nm":"Ã¥Â½Â¢Ã§ÂÂ¶ 1","np":3,"cix":2,"bm":0,"ix":1,"mn":"ADBE Vector Group","hd":false}],"ip":0,"op":360,"st":0,"bm":0},{"ddd":0,"ind":6,"ty":0,"nm":"L Foot","refId":"comp_1","sr":1,"ks":{"o":{"a":0,"k":100,"ix":11},"r":{"a":1,"k":[{"i":{"x":[0.588],"y":[0.795]},"o":{"x":[0.445],"y":[-0.258]},"t":-49,"s":[41.594],"e":[-45.227]},{"i":{"x":[0.295],"y":[0.936]},"o":{"x":[0.396],"y":[0.163]},"t":0,"s":[-45.227],"e":[41.594]},{"i":{"x":[0.477],"y":[0.773]},"o":{"x":[0.333],"y":[0]},"t":45,"s":[41.594],"e":[-45.227]},{"i":{"x":[0.382],"y":[0.931]},"o":{"x":[0.264],"y":[0.26]},"t":92,"s":[-45.227],"e":[41.594]},{"i":{"x":[0.667],"y":[1]},"o":{"x":[0.333],"y":[0]},"t":139,"s":[41.594],"e":[-50.286]},{"i":{"x":[0.353],"y":[0.935]},"o":{"x":[0.109],"y":[-0.096]},"t":189.012,"s":[-50.286],"e":[36.534]},{"i":{"x":[0.667],"y":[1]},"o":{"x":[0.235],"y":[0.034]},"t":234.012,"s":[36.534],"e":[-50.286]},{"i":{"x":[0.353],"y":[0.935]},"o":{"x":[0.109],"y":[-0.096]},"t":276,"s":[-50.286],"e":[36.534]},{"i":{"x":[0.667],"y":[1]},"o":{"x":[0.235],"y":[0.009]},"t":321,"s":[36.534],"e":[-45.227]},{"t":331}],"ix":10},"p":{"a":0,"k":[960,740,0],"ix":2},"a":{"a":0,"k":[960,816,0],"ix":1},"s":{"a":0,"k":[100.788,99.218,100],"ix":6}},"ao":0,"w":1920,"h":1080,"ip":0,"op":360,"st":0,"bm":0},{"ddd":0,"ind":7,"ty":4,"nm":"Head","sr":1,"ks":{"o":{"a":0,"k":100,"ix":11},"r":{"a":0,"k":0,"ix":10},"p":{"a":0,"k":[960,372,0],"ix":2},"a":{"a":0,"k":[0,0,0],"ix":1},"s":{"a":0,"k":[100,100,100],"ix":6}},"ao":0,"hasMask":true,"masksProperties":[{"inv":false,"mode":"a","pt":{"a":0,"k":{"i":[[0,0],[0,0],[0,0],[10,53],[97,25]],"o":[[0,0],[0,0],[0,0],[-5.044,-26.731],[-29.642,-7.64]],"v":[[-150,-150],[-150,150],[120,150],[149,-27],[26,-150]],"c":true},"ix":1},"o":{"a":0,"k":100,"ix":3},"x":{"a":0,"k":0,"ix":4},"nm":"Ã¨ÂÂÃ§ÂÂ 1"}],"shapes":[{"ty":"gr","it":[{"ty":"rc","d":1,"s":{"a":0,"k":[180.121,107.043],"ix":2},"p":{"a":1,"k":[{"i":{"x":0,"y":1},"o":{"x":0.333,"y":0},"t":0,"s":[60,164],"e":[-4,164],"to":[-10.667,0],"ti":[0,0]},{"i":{"x":0,"y":1},"o":{"x":0.333,"y":0},"t":48,"s":[-4,164],"e":[60,164],"to":[0,0],"ti":[0,0]},{"i":{"x":0,"y":1},"o":{"x":0.333,"y":0},"t":96,"s":[60,164],"e":[-4,164],"to":[0,0],"ti":[0,0]},{"i":{"x":0,"y":1},"o":{"x":0.333,"y":0},"t":144,"s":[-4,164],"e":[60,164],"to":[0,0],"ti":[0,0]},{"i":{"x":0,"y":1},"o":{"x":0.333,"y":0},"t":192,"s":[60,164],"e":[-4,164],"to":[0,0],"ti":[0,0]},{"i":{"x":0,"y":1},"o":{"x":0.333,"y":0},"t":240,"s":[-4,164],"e":[60,164],"to":[0,0],"ti":[0,0]},{"i":{"x":0,"y":1},"o":{"x":0.333,"y":0},"t":288,"s":[60,164],"e":[-4,164],"to":[0,0],"ti":[10.667,0]},{"t":336}],"ix":3},"r":{"a":0,"k":42,"ix":4},"nm":"Ã§ÂÂ©Ã¥Â½Â¢Ã¨Â·Â¯Ã¥Â¾Â 1","mn":"ADBE Vector Shape - Rect","hd":false},{"ty":"fl","c":{"a":0,"k":[0.1255,0.1529,0.1725,1],"ix":4},"o":{"a":0,"k":100,"ix":5},"r":1,"bm":0,"nm":"Ã¥Â¡Â«Ã¥ÂÂ 1","mn":"ADBE Vector Graphic - Fill","hd":false},{"ty":"tr","p":{"a":0,"k":[82.068,-205.053],"ix":2},"a":{"a":0,"k":[0,0],"ix":1},"s":{"a":0,"k":[100,112.844],"ix":3},"r":{"a":0,"k":0,"ix":6},"o":{"a":0,"k":100,"ix":7},"sk":{"a":0,"k":0,"ix":4},"sa":{"a":0,"k":0,"ix":5},"nm":"Ã¥ÂÂÃ¦ÂÂ¢"}],"nm":"Ã§ÂÂ©Ã¥Â½Â¢ 1","np":3,"cix":2,"bm":0,"ix":1,"mn":"ADBE Vector Group","hd":false},{"ty":"gr","it":[{"d":1,"ty":"el","s":{"a":0,"k":[300,300],"ix":2},"p":{"a":0,"k":[0,0],"ix":3},"nm":"Ã¦Â¤Â­Ã¥ÂÂÃ¨Â·Â¯Ã¥Â¾Â 1","mn":"ADBE Vector Shape - Ellipse","hd":false},{"ty":"fl","c":{"a":0,"k":[0.9,0.9533,1,1],"ix":4},"o":{"a":0,"k":100,"ix":5},"r":1,"bm":0,"nm":"Ã¥Â¡Â«Ã¥ÂÂ 1","mn":"ADBE Vector Graphic - Fill","hd":false},{"ty":"tr","p":{"a":0,"k":[0,0],"ix":2},"a":{"a":0,"k":[0,0],"ix":1},"s":{"a":0,"k":[100,100],"ix":3},"r":{"a":0,"k":0,"ix":6},"o":{"a":0,"k":100,"ix":7},"sk":{"a":0,"k":0,"ix":4},"sa":{"a":0,"k":0,"ix":5},"nm":"Ã¥ÂÂÃ¦ÂÂ¢"}],"nm":"Ã¦Â¤Â­Ã¥ÂÂ 1","np":2,"cix":2,"bm":0,"ix":2,"mn":"ADBE Vector Group","hd":false}],"ip":0,"op":360,"st":0,"bm":0},{"ddd":0,"ind":8,"ty":4,"nm":"shadow","sr":1,"ks":{"o":{"a":0,"k":100,"ix":11},"r":{"a":0,"k":0,"ix":10},"p":{"a":0,"k":[960,564,0],"ix":2},"a":{"a":0,"k":[0,0,0],"ix":1},"s":{"a":1,"k":[{"i":{"x":[0.278,0.278,0.667],"y":[1,1,1]},"o":{"x":[0.333,0.333,0.333],"y":[0,0,0]},"t":0,"s":[100,100,100],"e":[67.548,98.236,100]},{"i":{"x":[0.309,0.309,0.667],"y":[1,1,1]},"o":{"x":[0.333,0.333,0.333],"y":[0,0,0]},"t":23,"s":[67.548,98.236,100],"e":[100,100,100]},{"i":{"x":[0.278,0.278,0.667],"y":[1,1,1]},"o":{"x":[0.333,0.333,0.333],"y":[0,0,0]},"t":48,"s":[100,100,100],"e":[67.548,98.236,100]},{"i":{"x":[0.278,0.278,0.667],"y":[1,1,1]},"o":{"x":[0.333,0.333,0.333],"y":[0,0,0]},"t":71,"s":[67.548,98.236,100],"e":[100,100,100]},{"i":{"x":[0.278,0.278,0.667],"y":[1,1,1]},"o":{"x":[0.333,0.333,0.333],"y":[0,0,0]},"t":94,"s":[100,100,100],"e":[67.548,98.236,100]},{"i":{"x":[0.309,0.309,0.667],"y":[1,1,1]},"o":{"x":[0.333,0.333,0.333],"y":[0,0,0]},"t":117,"s":[67.548,98.236,100],"e":[100,100,100]},{"i":{"x":[0.278,0.278,0.667],"y":[1,1,1]},"o":{"x":[0.333,0.333,0.333],"y":[0,0,0]},"t":142,"s":[100,100,100],"e":[67.548,98.236,100]},{"i":{"x":[0.278,0.278,0.667],"y":[1,1,1]},"o":{"x":[0.333,0.333,0.333],"y":[0,0,0]},"t":165,"s":[67.548,98.236,100],"e":[100,100,100]},{"i":{"x":[0.278,0.278,0.667],"y":[1,1,1]},"o":{"x":[0.333,0.333,0.333],"y":[0,0,0]},"t":188,"s":[100,100,100],"e":[67.548,98.236,100]},{"i":{"x":[0.309,0.309,0.667],"y":[1,1,1]},"o":{"x":[0.333,0.333,0.333],"y":[0,0,0]},"t":211,"s":[67.548,98.236,100],"e":[100,100,100]},{"i":{"x":[0.278,0.278,0.667],"y":[1,1,1]},"o":{"x":[0.333,0.333,0.333],"y":[0,0,0]},"t":236,"s":[100,100,100],"e":[67.548,98.236,100]},{"i":{"x":[0.278,0.278,0.667],"y":[1,1,1]},"o":{"x":[0.333,0.333,0.333],"y":[0,0,0]},"t":259,"s":[67.548,98.236,100],"e":[100,100,100]},{"i":{"x":[0.278,0.278,0.667],"y":[1,1,1]},"o":{"x":[0.333,0.333,0.333],"y":[0,0,0]},"t":282,"s":[100,100,100],"e":[67.548,98.236,100]},{"i":{"x":[0.833,0.833,0.833],"y":[0.833,0.833,1]},"o":{"x":[0.333,0.333,0.333],"y":[0,0,0]},"t":305,"s":[67.548,98.236,100],"e":[100,100,100]},{"i":{"x":[0.833,0.833,0.833],"y":[0.833,0.833,0.833]},"o":{"x":[0.167,0.167,0.167],"y":[0.167,0.167,0.167]},"t":330,"s":[100,100,100],"e":[67.548,98.236,100]},{"t":353}],"ix":6}},"ao":0,"shapes":[{"ty":"gr","it":[{"d":1,"ty":"el","s":{"a":0,"k":[436.188,60.719],"ix":2},"p":{"a":0,"k":[0,0],"ix":3},"nm":"Ã¦Â¤Â­Ã¥ÂÂÃ¨Â·Â¯Ã¥Â¾Â 1","mn":"ADBE Vector Shape - Ellipse","hd":false},{"ty":"fl","c":{"a":0,"k":[0.76,0.76,0.76,1],"ix":4},"o":{"a":0,"k":50,"ix":5},"r":1,"bm":0,"nm":"Ã¥Â¡Â«Ã¥ÂÂ 1","mn":"ADBE Vector Graphic - Fill","hd":false},{"ty":"tr","p":{"a":0,"k":[-9.203,470.719],"ix":2},"a":{"a":0,"k":[0,0],"ix":1},"s":{"a":0,"k":[100,56.752],"ix":3},"r":{"a":0,"k":0,"ix":6},"o":{"a":0,"k":100,"ix":7},"sk":{"a":0,"k":0,"ix":4},"sa":{"a":0,"k":0,"ix":5},"nm":"Ã¥ÂÂÃ¦ÂÂ¢"}],"nm":"Ã¦Â¤Â­Ã¥ÂÂ 1","np":3,"cix":2,"bm":0,"ix":1,"mn":"ADBE Vector Group","hd":false}],"ip":100,"op":324,"st":-36,"bm":0}]},{"id":"comp_1","layers":[{"ddd":0,"ind":1,"ty":4,"nm":"Foot 2","sr":1,"ks":{"o":{"a":0,"k":100,"ix":11},"r":{"a":0,"k":24.783,"ix":10},"p":{"a":0,"k":[914,974,0],"ix":2},"a":{"a":0,"k":[422.22,328.649,0],"ix":1},"s":{"a":0,"k":[92.054,91.323,100],"ix":6}},"ao":0,"shapes":[{"ty":"gr","it":[{"ind":0,"ty":"sh","ix":1,"ks":{"a":0,"k":{"i":[[108.833,-21.099],[0,0],[0,0],[0,0]],"o":[[-3.927,0.761],[0,0],[0,0],[0,0]],"v":[[485.857,296.105],[392,304],[392,376],[552,376]],"c":true},"ix":2},"nm":"Ã¨Â·Â¯Ã¥Â¾Â 1","mn":"ADBE Vector Shape - Group","hd":false},{"ty":"st","c":{"a":0,"k":[0.78,0.78,0.78,1],"ix":3},"o":{"a":0,"k":100,"ix":4},"w":{"a":0,"k":2,"ix":5},"lc":1,"lj":1,"ml":4,"bm":0,"nm":"Ã¦ÂÂÃ¨Â¾Â¹ 1","mn":"ADBE Vector Graphic - Stroke","hd":false},{"ty":"fl","c":{"a":0,"k":[0.851,0.8784,0.902,1],"ix":4},"o":{"a":0,"k":100,"ix":5},"r":1,"bm":0,"nm":"Ã¥Â¡Â«Ã¥ÂÂ 1","mn":"ADBE Vector Graphic - Fill","hd":false},{"ty":"tr","p":{"a":0,"k":[419.191,327.281],"ix":2},"a":{"a":0,"k":[440.207,330.706],"ix":1},"s":{"a":0,"k":[86.097,81.872],"ix":3},"r":{"a":0,"k":16.681,"ix":6},"o":{"a":0,"k":100,"ix":7},"sk":{"a":0,"k":0,"ix":4},"sa":{"a":0,"k":0,"ix":5},"nm":"Ã¥ÂÂÃ¦ÂÂ¢"}],"nm":"Ã¥Â½Â¢Ã§ÂÂ¶ 1","np":3,"cix":2,"bm":0,"ix":1,"mn":"ADBE Vector Group","hd":false}],"ip":0,"op":360,"st":0,"bm":0},{"ddd":0,"ind":2,"ty":4,"nm":"Foot 1","sr":1,"ks":{"o":{"a":0,"k":100,"ix":11},"r":{"a":0,"k":0,"ix":10},"p":{"a":0,"k":[964,820,0],"ix":2},"a":{"a":0,"k":[4,280,0],"ix":1},"s":{"a":0,"k":[100,100,100],"ix":6}},"ao":0,"shapes":[{"ty":"gr","it":[{"ind":0,"ty":"sh","ix":1,"ks":{"a":1,"k":[{"i":{"x":0.667,"y":1},"o":{"x":0.333,"y":0},"t":0,"s":[{"i":[[0,0],[34,-59]],"o":[[0,0],[-65.695,114.001]],"v":[[4,280],[-28,420]],"c":false}],"e":[{"i":[[0,0],[76,-60]],"o":[[0,0],[-103.271,81.53]],"v":[[4,280],[-28,420]],"c":false}]},{"i":{"x":0.667,"y":1},"o":{"x":0.333,"y":0},"t":48,"s":[{"i":[[0,0],[76,-60]],"o":[[0,0],[-103.271,81.53]],"v":[[4,280],[-28,420]],"c":false}],"e":[{"i":[[0,0],[34,-59]],"o":[[0,0],[-65.695,114.001]],"v":[[4,280],[-28,420]],"c":false}]},{"i":{"x":0.667,"y":1},"o":{"x":0.333,"y":0},"t":96,"s":[{"i":[[0,0],[34,-59]],"o":[[0,0],[-65.695,114.001]],"v":[[4,280],[-28,420]],"c":false}],"e":[{"i":[[0,0],[76,-60]],"o":[[0,0],[-103.271,81.53]],"v":[[4,280],[-28,420]],"c":false}]},{"i":{"x":0.667,"y":1},"o":{"x":0.333,"y":0},"t":144,"s":[{"i":[[0,0],[76,-60]],"o":[[0,0],[-103.271,81.53]],"v":[[4,280],[-28,420]],"c":false}],"e":[{"i":[[0,0],[34,-59]],"o":[[0,0],[-65.695,114.001]],"v":[[4,280],[-28,420]],"c":false}]},{"i":{"x":0.667,"y":1},"o":{"x":0.333,"y":0},"t":192,"s":[{"i":[[0,0],[34,-59]],"o":[[0,0],[-65.695,114.001]],"v":[[4,280],[-28,420]],"c":false}],"e":[{"i":[[0,0],[76,-60]],"o":[[0,0],[-103.271,81.53]],"v":[[4,280],[-28,420]],"c":false}]},{"i":{"x":0.667,"y":1},"o":{"x":0.333,"y":0},"t":240,"s":[{"i":[[0,0],[76,-60]],"o":[[0,0],[-103.271,81.53]],"v":[[4,280],[-28,420]],"c":false}],"e":[{"i":[[0,0],[34,-59]],"o":[[0,0],[-65.695,114.001]],"v":[[4,280],[-28,420]],"c":false}]},{"i":{"x":0.667,"y":1},"o":{"x":0.333,"y":0},"t":288,"s":[{"i":[[0,0],[34,-59]],"o":[[0,0],[-65.695,114.001]],"v":[[4,280],[-28,420]],"c":false}],"e":[{"i":[[0,0],[76,-60]],"o":[[0,0],[-103.271,81.53]],"v":[[4,280],[-28,420]],"c":false}]},{"t":336}],"ix":2},"nm":"Ã¨Â·Â¯Ã¥Â¾Â 1","mn":"ADBE Vector Shape - Group","hd":false},{"ty":"st","c":{"a":0,"k":[0.78,0.78,0.78,1],"ix":3},"o":{"a":0,"k":100,"ix":4},"w":{"a":0,"k":90,"ix":5},"lc":2,"lj":2,"bm":0,"nm":"Ã¦ÂÂÃ¨Â¾Â¹ 1","mn":"ADBE Vector Graphic - Stroke","hd":false},{"ty":"tr","p":{"a":0,"k":[0,0],"ix":2},"a":{"a":0,"k":[0,0],"ix":1},"s":{"a":0,"k":[100,100],"ix":3},"r":{"a":0,"k":0,"ix":6},"o":{"a":0,"k":100,"ix":7},"sk":{"a":0,"k":0,"ix":4},"sa":{"a":0,"k":0,"ix":5},"nm":"Ã¥ÂÂÃ¦ÂÂ¢"}],"nm":"Ã¥Â½Â¢Ã§ÂÂ¶ 1","np":3,"cix":2,"bm":0,"ix":1,"mn":"ADBE Vector Group","hd":false}],"ip":0,"op":360,"st":0,"bm":0}]}],"layers":[{"ddd":0,"ind":1,"ty":0,"nm":"Astronaut","refId":"comp_0","sr":1,"ks":{"o":{"a":0,"k":100,"ix":11},"r":{"a":0,"k":0,"ix":10},"p":{"a":1,"k":[{"i":{"x":0.667,"y":1},"o":{"x":0.333,"y":0},"t":37,"s":[724,504,0],"e":[244,640,0],"to":[174.667,-44,0],"ti":[-199.127,-168.976,0]},{"i":{"x":0.667,"y":1},"o":{"x":0.333,"y":0},"t":106,"s":[244,640,0],"e":[668,584,0],"to":[79.196,67.205,0],"ti":[-118.78,73.235,0]},{"i":{"x":0.667,"y":1},"o":{"x":0.333,"y":0},"t":175,"s":[668,584,0],"e":[904,532,0],"to":[188.863,-116.445,0],"ti":[0,0,0]},{"i":{"x":0.667,"y":1},"o":{"x":0.333,"y":0},"t":226,"s":[904,532,0],"e":[956,496,0],"to":[0,0,0],"ti":[0,0,0]},{"t":287}],"ix":2},"a":{"a":0,"k":[960,540,0],"ix":1},"s":{"a":1,"k":[{"i":{"x":[0.833,0.833,0.833],"y":[0.833,0.833,0.833]},"o":{"x":[0.167,0.167,0.167],"y":[0.167,0.167,0.167]},"t":37,"s":[0,0,100],"e":[100,100,100]},{"t":198}],"ix":6}},"ao":0,"w":1920,"h":1080,"ip":37,"op":397,"st":37,"bm":0},{"ddd":0,"ind":2,"ty":4,"nm":"Moon 1","sr":1,"ks":{"o":{"a":0,"k":100,"ix":11},"r":{"a":0,"k":0,"ix":10},"p":{"a":0,"k":[960,540,0],"ix":2},"a":{"a":0,"k":[0,0,0],"ix":1},"s":{"a":1,"k":[{"i":{"x":[0.667,0.667,0.667],"y":[1,1,1]},"o":{"x":[0.333,0.333,0.333],"y":[0,0,0]},"t":6,"s":[0,0,100],"e":[100,100,100]},{"t":36}],"ix":6}},"ao":0,"shapes":[{"ty":"gr","it":[{"d":1,"ty":"el","s":{"a":0,"k":[39.422,39.422],"ix":2},"p":{"a":0,"k":[0,0],"ix":3},"nm":"Ã¦Â¤Â­Ã¥ÂÂÃ¨Â·Â¯Ã¥Â¾Â 1","mn":"ADBE Vector Shape - Ellipse","hd":false},{"ty":"fl","c":{"a":0,"k":[0.128,0.4453,0.672,1],"ix":4},"o":{"a":0,"k":100,"ix":5},"r":1,"bm":0,"nm":"Ã¥Â¡Â«Ã¥ÂÂ 1","mn":"ADBE Vector Graphic - Fill","hd":false},{"ty":"tr","p":{"a":0,"k":[235.711,99.711],"ix":2},"a":{"a":0,"k":[0,0],"ix":1},"s":{"a":0,"k":[100,100],"ix":3},"r":{"a":0,"k":0,"ix":6},"o":{"a":0,"k":100,"ix":7},"sk":{"a":0,"k":0,"ix":4},"sa":{"a":0,"k":0,"ix":5},"nm":"Ã¥ÂÂÃ¦ÂÂ¢"}],"nm":"Ã¦Â¤Â­Ã¥ÂÂ 9","np":3,"cix":2,"bm":0,"ix":1,"mn":"ADBE Vector Group","hd":false},{"ty":"gr","it":[{"d":1,"ty":"el","s":{"a":0,"k":[37.5,37.5],"ix":2},"p":{"a":0,"k":[0,0],"ix":3},"nm":"Ã¦Â¤Â­Ã¥ÂÂÃ¨Â·Â¯Ã¥Â¾Â 1","mn":"ADBE Vector Shape - Ellipse","hd":false},{"ty":"fl","c":{"a":0,"k":[0.128,0.4453,0.672,1],"ix":4},"o":{"a":0,"k":100,"ix":5},"r":1,"bm":0,"nm":"Ã¥Â¡Â«Ã¥ÂÂ 1","mn":"ADBE Vector Graphic - Fill","hd":false},{"ty":"tr","p":{"a":0,"k":[-249.25,126.75],"ix":2},"a":{"a":0,"k":[0,0],"ix":1},"s":{"a":0,"k":[100,100],"ix":3},"r":{"a":0,"k":0,"ix":6},"o":{"a":0,"k":100,"ix":7},"sk":{"a":0,"k":0,"ix":4},"sa":{"a":0,"k":0,"ix":5},"nm":"Ã¥ÂÂÃ¦ÂÂ¢"}],"nm":"Ã¦Â¤Â­Ã¥ÂÂ 8","np":3,"cix":2,"bm":0,"ix":2,"mn":"ADBE Vector Group","hd":false},{"ty":"gr","it":[{"d":1,"ty":"el","s":{"a":0,"k":[51.719,51.719],"ix":2},"p":{"a":0,"k":[0,0],"ix":3},"nm":"Ã¦Â¤Â­Ã¥ÂÂÃ¨Â·Â¯Ã¥Â¾Â 1","mn":"ADBE Vector Shape - Ellipse","hd":false},{"ty":"fl","c":{"a":0,"k":[0.128,0.4453,0.672,1],"ix":4},"o":{"a":0,"k":100,"ix":5},"r":1,"bm":0,"nm":"Ã¥Â¡Â«Ã¥ÂÂ 1","mn":"ADBE Vector Graphic - Fill","hd":false},{"ty":"tr","p":{"a":0,"k":[73.859,233.859],"ix":2},"a":{"a":0,"k":[0,0],"ix":1},"s":{"a":0,"k":[100,100],"ix":3},"r":{"a":0,"k":0,"ix":6},"o":{"a":0,"k":100,"ix":7},"sk":{"a":0,"k":0,"ix":4},"sa":{"a":0,"k":0,"ix":5},"nm":"Ã¥ÂÂÃ¦ÂÂ¢"}],"nm":"Ã¦Â¤Â­Ã¥ÂÂ 7","np":3,"cix":2,"bm":0,"ix":3,"mn":"ADBE Vector Group","hd":false},{"ty":"gr","it":[{"d":1,"ty":"el","s":{"a":0,"k":[42.312,42.312],"ix":2},"p":{"a":0,"k":[0,0],"ix":3},"nm":"Ã¦Â¤Â­Ã¥ÂÂÃ¨Â·Â¯Ã¥Â¾Â 1","mn":"ADBE Vector Shape - Ellipse","hd":false},{"ty":"fl","c":{"a":0,"k":[0.128,0.4453,0.672,1],"ix":4},"o":{"a":0,"k":100,"ix":5},"r":1,"bm":0,"nm":"Ã¥Â¡Â«Ã¥ÂÂ 1","mn":"ADBE Vector Graphic - Fill","hd":false},{"ty":"tr","p":{"a":0,"k":[-138.844,-198.844],"ix":2},"a":{"a":0,"k":[0,0],"ix":1},"s":{"a":0,"k":[100,100],"ix":3},"r":{"a":0,"k":0,"ix":6},"o":{"a":0,"k":100,"ix":7},"sk":{"a":0,"k":0,"ix":4},"sa":{"a":0,"k":0,"ix":5},"nm":"Ã¥ÂÂÃ¦ÂÂ¢"}],"nm":"Ã¦Â¤Â­Ã¥ÂÂ 6","np":3,"cix":2,"bm":0,"ix":4,"mn":"ADBE Vector Group","hd":false},{"ty":"gr","it":[{"d":1,"ty":"el","s":{"a":0,"k":[140.859,140.859],"ix":2},"p":{"a":0,"k":[0,0],"ix":3},"nm":"Ã¦Â¤Â­Ã¥ÂÂÃ¨Â·Â¯Ã¥Â¾Â 1","mn":"ADBE Vector Shape - Ellipse","hd":false},{"ty":"fl","c":{"a":0,"k":[0.128,0.4453,0.672,1],"ix":4},"o":{"a":0,"k":100,"ix":5},"r":1,"bm":0,"nm":"Ã¥Â¡Â«Ã¥ÂÂ 1","mn":"ADBE Vector Graphic - Fill","hd":false},{"ty":"tr","p":{"a":0,"k":[-73.57,162.43],"ix":2},"a":{"a":0,"k":[0,0],"ix":1},"s":{"a":0,"k":[100,100],"ix":3},"r":{"a":0,"k":0,"ix":6},"o":{"a":0,"k":100,"ix":7},"sk":{"a":0,"k":0,"ix":4},"sa":{"a":0,"k":0,"ix":5},"nm":"Ã¥ÂÂÃ¦ÂÂ¢"}],"nm":"Ã¦Â¤Â­Ã¥ÂÂ 5","np":3,"cix":2,"bm":0,"ix":5,"mn":"ADBE Vector Group","hd":false},{"ty":"gr","it":[{"d":1,"ty":"el","s":{"a":0,"k":[113.391,113.391],"ix":2},"p":{"a":0,"k":[0,0],"ix":3},"nm":"Ã¦Â¤Â­Ã¥ÂÂÃ¨Â·Â¯Ã¥Â¾Â 1","mn":"ADBE Vector Shape - Ellipse","hd":false},{"ty":"fl","c":{"a":0,"k":[0.128,0.4453,0.672,1],"ix":4},"o":{"a":0,"k":100,"ix":5},"r":1,"bm":0,"nm":"Ã¥Â¡Â«Ã¥ÂÂ 1","mn":"ADBE Vector Graphic - Fill","hd":false},{"ty":"tr","p":{"a":0,"k":[-227.305,0.695],"ix":2},"a":{"a":0,"k":[0,0],"ix":1},"s":{"a":0,"k":[100,100],"ix":3},"r":{"a":0,"k":0,"ix":6},"o":{"a":0,"k":100,"ix":7},"sk":{"a":0,"k":0,"ix":4},"sa":{"a":0,"k":0,"ix":5},"nm":"Ã¥ÂÂÃ¦ÂÂ¢"}],"nm":"Ã¦Â¤Â­Ã¥ÂÂ 4","np":3,"cix":2,"bm":0,"ix":6,"mn":"ADBE Vector Group","hd":false},{"ty":"gr","it":[{"d":1,"ty":"el","s":{"a":0,"k":[147.359,147.359],"ix":2},"p":{"a":0,"k":[0,0],"ix":3},"nm":"Ã¦Â¤Â­Ã¥ÂÂÃ¨Â·Â¯Ã¥Â¾Â 1","mn":"ADBE Vector Shape - Ellipse","hd":false},{"ty":"fl","c":{"a":0,"k":[0.128,0.4453,0.672,1],"ix":4},"o":{"a":0,"k":100,"ix":5},"r":1,"bm":0,"nm":"Ã¥Â¡Â«Ã¥ÂÂ 1","mn":"ADBE Vector Graphic - Fill","hd":false},{"ty":"tr","p":{"a":0,"k":[68.07,-69.867],"ix":2},"a":{"a":0,"k":[0,0],"ix":1},"s":{"a":0,"k":[217.554,217.554],"ix":3},"r":{"a":0,"k":0,"ix":6},"o":{"a":0,"k":100,"ix":7},"sk":{"a":0,"k":0,"ix":4},"sa":{"a":0,"k":0,"ix":5},"nm":"Ã¥ÂÂÃ¦ÂÂ¢"}],"nm":"Ã¦Â¤Â­Ã¥ÂÂ 3","np":3,"cix":2,"bm":0,"ix":7,"mn":"ADBE Vector Group","hd":false},{"ty":"gr","it":[{"d":1,"ty":"el","s":{"a":0,"k":[650,650],"ix":2},"p":{"a":0,"k":[0,0],"ix":3},"nm":"Ã¦Â¤Â­Ã¥ÂÂÃ¨Â·Â¯Ã¥Â¾Â 1","mn":"ADBE Vector Shape - Ellipse","hd":false},{"ty":"fl","c":{"a":0,"k":[0.0924,0.4979,0.7876,1],"ix":4},"o":{"a":0,"k":100,"ix":5},"r":1,"bm":0,"nm":"Ã¥Â¡Â«Ã¥ÂÂ 1","mn":"ADBE Vector Graphic - Fill","hd":false},{"ty":"tr","p":{"a":0,"k":[-20,16],"ix":2},"a":{"a":0,"k":[0,0],"ix":1},"s":{"a":0,"k":[100,100],"ix":3},"r":{"a":0,"k":0,"ix":6},"o":{"a":0,"k":100,"ix":7},"sk":{"a":0,"k":0,"ix":4},"sa":{"a":0,"k":0,"ix":5},"nm":"Ã¥ÂÂÃ¦ÂÂ¢"}],"nm":"Ã¦Â¤Â­Ã¥ÂÂ 2","np":2,"cix":2,"bm":0,"ix":8,"mn":"ADBE Vector Group","hd":false},{"ty":"gr","it":[{"d":1,"ty":"el","s":{"a":0,"k":[700,700],"ix":2},"p":{"a":0,"k":[0,0],"ix":3},"nm":"Ã¦Â¤Â­Ã¥ÂÂÃ¨Â·Â¯Ã¥Â¾Â 1","mn":"ADBE Vector Shape - Ellipse","hd":false},{"ty":"fl","c":{"a":0,"k":[0.4,0.72,1,1],"ix":4},"o":{"a":0,"k":100,"ix":5},"r":1,"bm":0,"nm":"Ã¥Â¡Â«Ã¥ÂÂ 1","mn":"ADBE Vector Graphic - Fill","hd":false},{"ty":"tr","p":{"a":0,"k":[0,0],"ix":2},"a":{"a":0,"k":[0,0],"ix":1},"s":{"a":0,"k":[100,100],"ix":3},"r":{"a":0,"k":0,"ix":6},"o":{"a":0,"k":100,"ix":7},"sk":{"a":0,"k":0,"ix":4},"sa":{"a":0,"k":0,"ix":5},"nm":"Ã¥ÂÂÃ¦ÂÂ¢"}],"nm":"Ã¦Â¤Â­Ã¥ÂÂ 1","np":2,"cix":2,"bm":0,"ix":9,"mn":"ADBE Vector Group","hd":false}],"ip":6,"op":366,"st":6,"bm":0},{"ddd":0,"ind":3,"ty":4,"nm":"Moon 2","sr":1,"ks":{"o":{"a":0,"k":100,"ix":11},"r":{"a":0,"k":0,"ix":10},"p":{"a":0,"k":[960,540,0],"ix":2},"a":{"a":0,"k":[0,0,0],"ix":1},"s":{"a":1,"k":[{"i":{"x":[0.667,0.667,0.667],"y":[1,1,1]},"o":{"x":[0.333,0.333,0.333],"y":[0,0,0]},"t":3,"s":[0,0,100],"e":[100,100,100]},{"i":{"x":[0.833,0.833,0.833],"y":[1,1,1]},"o":{"x":[0.333,0.333,0.333],"y":[0,0,0]},"t":24,"s":[100,100,100],"e":[95,95,100]},{"i":{"x":[0.833,0.833,0.833],"y":[1,1,1]},"o":{"x":[0.167,0.167,0.167],"y":[0,0,0]},"t":63,"s":[95,95,100],"e":[100,100,100]},{"i":{"x":[0.833,0.833,0.833],"y":[1,1,1]},"o":{"x":[0.167,0.167,0.167],"y":[0,0,0]},"t":107,"s":[100,100,100],"e":[95,95,100]},{"i":{"x":[0.833,0.833,0.833],"y":[1,1,1]},"o":{"x":[0.167,0.167,0.167],"y":[0,0,0]},"t":147,"s":[95,95,100],"e":[100,100,100]},{"i":{"x":[0.833,0.833,0.833],"y":[1,1,1]},"o":{"x":[0.167,0.167,0.167],"y":[0,0,0]},"t":184,"s":[100,100,100],"e":[95,95,100]},{"i":{"x":[0.833,0.833,0.833],"y":[1,1,1]},"o":{"x":[0.167,0.167,0.167],"y":[0,0,0]},"t":220,"s":[95,95,100],"e":[100,100,100]},{"i":{"x":[0.833,0.833,0.833],"y":[1,1,1]},"o":{"x":[0.167,0.167,0.167],"y":[0,0,0]},"t":264,"s":[100,100,100],"e":[95,95,100]},{"i":{"x":[0.833,0.833,0.833],"y":[1,1,1]},"o":{"x":[0.167,0.167,0.167],"y":[0,0,0]},"t":304,"s":[95,95,100],"e":[100,100,100]},{"t":346}],"ix":6}},"ao":0,"shapes":[{"ty":"gr","it":[{"d":1,"ty":"el","s":{"a":0,"k":[800,800],"ix":2},"p":{"a":0,"k":[0,0],"ix":3},"nm":"Ã¦Â¤Â­Ã¥ÂÂÃ¨Â·Â¯Ã¥Â¾Â 1","mn":"ADBE Vector Shape - Ellipse","hd":false},{"ty":"fl","c":{"a":0,"k":[0.4,0.72,1,1],"ix":4},"o":{"a":0,"k":40,"ix":5},"r":1,"bm":0,"nm":"Ã¥Â¡Â«Ã¥ÂÂ 1","mn":"ADBE Vector Graphic - Fill","hd":false},{"ty":"tr","p":{"a":0,"k":[0,0],"ix":2},"a":{"a":0,"k":[0,0],"ix":1},"s":{"a":0,"k":[100,100],"ix":3},"r":{"a":0,"k":0,"ix":6},"o":{"a":0,"k":100,"ix":7},"sk":{"a":0,"k":0,"ix":4},"sa":{"a":0,"k":0,"ix":5},"nm":"Ã¥ÂÂÃ¦ÂÂ¢"}],"nm":"Ã¦Â¤Â­Ã¥ÂÂ 1","np":2,"cix":2,"bm":0,"ix":1,"mn":"ADBE Vector Group","hd":false}],"ip":3,"op":363,"st":3,"bm":0},{"ddd":0,"ind":4,"ty":4,"nm":"Moon3","sr":1,"ks":{"o":{"a":0,"k":100,"ix":11},"r":{"a":0,"k":0,"ix":10},"p":{"a":0,"k":[960,540,0],"ix":2},"a":{"a":0,"k":[0,0,0],"ix":1},"s":{"a":1,"k":[{"i":{"x":[0.667,0.667,0.667],"y":[1,1,1]},"o":{"x":[0.333,0.333,0.333],"y":[0,0,0]},"t":0,"s":[0,0,100],"e":[100,100,100]},{"i":{"x":[0.833,0.833,0.833],"y":[1,1,1]},"o":{"x":[0.333,0.333,0.333],"y":[0,0,0]},"t":16,"s":[100,100,100],"e":[95,95,100]},{"i":{"x":[0.833,0.833,0.833],"y":[1,1,1]},"o":{"x":[0.167,0.167,0.167],"y":[0,0,0]},"t":50,"s":[95,95,100],"e":[100,100,100]},{"i":{"x":[0.833,0.833,0.833],"y":[1,1,1]},"o":{"x":[0.167,0.167,0.167],"y":[0,0,0]},"t":94,"s":[100,100,100],"e":[95,95,100]},{"i":{"x":[0.833,0.833,0.833],"y":[1,1,1]},"o":{"x":[0.167,0.167,0.167],"y":[0,0,0]},"t":134,"s":[95,95,100],"e":[100,100,100]},{"i":{"x":[0.833,0.833,0.833],"y":[1,1,1]},"o":{"x":[0.167,0.167,0.167],"y":[0,0,0]},"t":171,"s":[100,100,100],"e":[95,95,100]},{"i":{"x":[0.833,0.833,0.833],"y":[1,1,1]},"o":{"x":[0.167,0.167,0.167],"y":[0,0,0]},"t":207,"s":[95,95,100],"e":[100,100,100]},{"i":{"x":[0.833,0.833,0.833],"y":[1,1,1]},"o":{"x":[0.167,0.167,0.167],"y":[0,0,0]},"t":251,"s":[100,100,100],"e":[95,95,100]},{"i":{"x":[0.833,0.833,0.833],"y":[1,1,1]},"o":{"x":[0.167,0.167,0.167],"y":[0,0,0]},"t":291,"s":[95,95,100],"e":[100,100,100]},{"t":328}],"ix":6}},"ao":0,"shapes":[{"ty":"gr","it":[{"d":1,"ty":"el","s":{"a":0,"k":[900,900],"ix":2},"p":{"a":0,"k":[0,0],"ix":3},"nm":"Ã¦Â¤Â­Ã¥ÂÂÃ¨Â·Â¯Ã¥Â¾Â 1","mn":"ADBE Vector Shape - Ellipse","hd":false},{"ty":"fl","c":{"a":0,"k":[0.4,0.72,1,1],"ix":4},"o":{"a":0,"k":20,"ix":5},"r":1,"bm":0,"nm":"Ã¥Â¡Â«Ã¥ÂÂ 1","mn":"ADBE Vector Graphic - Fill","hd":false},{"ty":"tr","p":{"a":0,"k":[0,0],"ix":2},"a":{"a":0,"k":[0,0],"ix":1},"s":{"a":0,"k":[100,100],"ix":3},"r":{"a":0,"k":0,"ix":6},"o":{"a":0,"k":100,"ix":7},"sk":{"a":0,"k":0,"ix":4},"sa":{"a":0,"k":0,"ix":5},"nm":"Ã¥ÂÂÃ¦ÂÂ¢"}],"nm":"Ã¦Â¤Â­Ã¥ÂÂ 1","np":2,"cix":2,"bm":0,"ix":1,"mn":"ADBE Vector Group","hd":false}],"ip":0,"op":360,"st":0,"bm":0},{"ddd":0,"ind":5,"ty":4,"nm":"Star","sr":1,"ks":{"o":{"a":0,"k":100,"ix":11},"r":{"a":0,"k":0,"ix":10},"p":{"a":0,"k":[960,540,0],"ix":2},"a":{"a":0,"k":[0,0,0],"ix":1},"s":{"a":1,"k":[{"i":{"x":[0.318,0.318,0.667],"y":[0.965,0.965,1]},"o":{"x":[0.091,0.091,0.333],"y":[-0.024,-0.024,0]},"t":0,"s":[95,95,100],"e":[100,100,100]},{"i":{"x":[0.667,0.667,0.667],"y":[1,1,1]},"o":{"x":[0.333,0.333,0.333],"y":[0,0,0]},"t":48,"s":[100,100,100],"e":[95,95,100]},{"i":{"x":[0.344,0.344,0.667],"y":[1.016,1.016,1]},"o":{"x":[0.066,0.066,0.333],"y":[0.013,0.013,0]},"t":95,"s":[95,95,100],"e":[100,100,100]},{"i":{"x":[0.667,0.667,0.667],"y":[1,1,1]},"o":{"x":[0.333,0.333,0.333],"y":[0,0,0]},"t":143,"s":[100,100,100],"e":[95,95,100]},{"i":{"x":[0.304,0.304,0.667],"y":[0.934,0.934,1]},"o":{"x":[0.05,0.05,0.333],"y":[-0.052,-0.052,0]},"t":192,"s":[95,95,100],"e":[100,100,100]},{"i":{"x":[0.667,0.667,0.667],"y":[1,1,1]},"o":{"x":[0.333,0.333,0.333],"y":[0,0,0]},"t":240,"s":[100,100,100],"e":[95,95,100]},{"i":{"x":[0.433,0.433,0.667],"y":[0.969,0.969,1]},"o":{"x":[0.117,0.117,0.333],"y":[-0.028,-0.028,0]},"t":287,"s":[95,95,100],"e":[100,100,100]},{"t":335}],"ix":6}},"ao":0,"shapes":[{"ty":"gr","it":[{"d":1,"ty":"el","s":{"a":0,"k":[8.828,8.828],"ix":2},"p":{"a":0,"k":[0,0],"ix":3},"nm":"Ã¦Â¤Â­Ã¥ÂÂÃ¨Â·Â¯Ã¥Â¾Â 1","mn":"ADBE Vector Shape - Ellipse","hd":false},{"ty":"st","c":{"a":0,"k":[1,1,1,1],"ix":3},"o":{"a":0,"k":100,"ix":4},"w":{"a":0,"k":2,"ix":5},"lc":1,"lj":1,"ml":4,"bm":0,"nm":"Ã¦ÂÂÃ¨Â¾Â¹ 1","mn":"ADBE Vector Graphic - Stroke","hd":false},{"ty":"fl","c":{"a":0,"k":[1,1,1,1],"ix":4},"o":{"a":0,"k":100,"ix":5},"r":1,"bm":0,"nm":"Ã¥Â¡Â«Ã¥ÂÂ 1","mn":"ADBE Vector Graphic - Fill","hd":false},{"ty":"tr","p":{"a":0,"k":[524.414,-247.586],"ix":2},"a":{"a":0,"k":[0,0],"ix":1},"s":{"a":0,"k":[100,100],"ix":3},"r":{"a":0,"k":0,"ix":6},"o":{"a":0,"k":100,"ix":7},"sk":{"a":0,"k":0,"ix":4},"sa":{"a":0,"k":0,"ix":5},"nm":"Ã¥ÂÂÃ¦ÂÂ¢"}],"nm":"Ã¦Â¤Â­Ã¥ÂÂ 45","np":3,"cix":2,"bm":0,"ix":1,"mn":"ADBE Vector Group","hd":false},{"ty":"gr","it":[{"d":1,"ty":"el","s":{"a":0,"k":[11.703,11.703],"ix":2},"p":{"a":0,"k":[0,0],"ix":3},"nm":"Ã¦Â¤Â­Ã¥ÂÂÃ¨Â·Â¯Ã¥Â¾Â 1","mn":"ADBE Vector Shape - Ellipse","hd":false},{"ty":"st","c":{"a":0,"k":[1,1,1,1],"ix":3},"o":{"a":0,"k":100,"ix":4},"w":{"a":0,"k":2,"ix":5},"lc":1,"lj":1,"ml":4,"bm":0,"nm":"Ã¦ÂÂÃ¨Â¾Â¹ 1","mn":"ADBE Vector Graphic - Stroke","hd":false},{"ty":"fl","c":{"a":0,"k":[1,1,1,1],"ix":4},"o":{"a":0,"k":100,"ix":5},"r":1,"bm":0,"nm":"Ã¥Â¡Â«Ã¥ÂÂ 1","mn":"ADBE Vector Graphic - Fill","hd":false},{"ty":"tr","p":{"a":0,"k":[-374.148,-354.148],"ix":2},"a":{"a":0,"k":[0,0],"ix":1},"s":{"a":0,"k":[100,100],"ix":3},"r":{"a":0,"k":0,"ix":6},"o":{"a":0,"k":100,"ix":7},"sk":{"a":0,"k":0,"ix":4},"sa":{"a":0,"k":0,"ix":5},"nm":"Ã¥ÂÂÃ¦ÂÂ¢"}],"nm":"Ã¦Â¤Â­Ã¥ÂÂ 44","np":3,"cix":2,"bm":0,"ix":2,"mn":"ADBE Vector Group","hd":false},{"ty":"gr","it":[{"d":1,"ty":"el","s":{"a":0,"k":[8.969,8.969],"ix":2},"p":{"a":0,"k":[0,0],"ix":3},"nm":"Ã¦Â¤Â­Ã¥ÂÂÃ¨Â·Â¯Ã¥Â¾Â 1","mn":"ADBE Vector Shape - Ellipse","hd":false},{"ty":"st","c":{"a":0,"k":[1,1,1,1],"ix":3},"o":{"a":0,"k":100,"ix":4},"w":{"a":0,"k":2,"ix":5},"lc":1,"lj":1,"ml":4,"bm":0,"nm":"Ã¦ÂÂÃ¨Â¾Â¹ 1","mn":"ADBE Vector Graphic - Stroke","hd":false},{"ty":"fl","c":{"a":0,"k":[1,1,1,1],"ix":4},"o":{"a":0,"k":100,"ix":5},"r":1,"bm":0,"nm":"Ã¥Â¡Â«Ã¥ÂÂ 1","mn":"ADBE Vector Graphic - Fill","hd":false},{"ty":"tr","p":{"a":0,"k":[-167.516,-395.516],"ix":2},"a":{"a":0,"k":[0,0],"ix":1},"s":{"a":0,"k":[100,100],"ix":3},"r":{"a":0,"k":0,"ix":6},"o":{"a":0,"k":100,"ix":7},"sk":{"a":0,"k":0,"ix":4},"sa":{"a":0,"k":0,"ix":5},"nm":"Ã¥ÂÂÃ¦ÂÂ¢"}],"nm":"Ã¦Â¤Â­Ã¥ÂÂ 43","np":3,"cix":2,"bm":0,"ix":3,"mn":"ADBE Vector Group","hd":false},{"ty":"gr","it":[{"d":1,"ty":"el","s":{"a":0,"k":[9.828,9.828],"ix":2},"p":{"a":0,"k":[0,0],"ix":3},"nm":"Ã¦Â¤Â­Ã¥ÂÂÃ¨Â·Â¯Ã¥Â¾Â 1","mn":"ADBE Vector Shape - Ellipse","hd":false},{"ty":"st","c":{"a":0,"k":[1,1,1,1],"ix":3},"o":{"a":0,"k":100,"ix":4},"w":{"a":0,"k":2,"ix":5},"lc":1,"lj":1,"ml":4,"bm":0,"nm":"Ã¦ÂÂÃ¨Â¾Â¹ 1","mn":"ADBE Vector Graphic - Stroke","hd":false},{"ty":"fl","c":{"a":0,"k":[1,1,1,1],"ix":4},"o":{"a":0,"k":100,"ix":5},"r":1,"bm":0,"nm":"Ã¥Â¡Â«Ã¥ÂÂ 1","mn":"ADBE Vector Graphic - Fill","hd":false},{"ty":"tr","p":{"a":0,"k":[320.914,-367.086],"ix":2},"a":{"a":0,"k":[0,0],"ix":1},"s":{"a":0,"k":[100,100],"ix":3},"r":{"a":0,"k":0,"ix":6},"o":{"a":0,"k":100,"ix":7},"sk":{"a":0,"k":0,"ix":4},"sa":{"a":0,"k":0,"ix":5},"nm":"Ã¥ÂÂÃ¦ÂÂ¢"}],"nm":"Ã¦Â¤Â­Ã¥ÂÂ 42","np":3,"cix":2,"bm":0,"ix":4,"mn":"ADBE Vector Group","hd":false},{"ty":"gr","it":[{"d":1,"ty":"el","s":{"a":0,"k":[7.219,7.219],"ix":2},"p":{"a":0,"k":[0,0],"ix":3},"nm":"Ã¦Â¤Â­Ã¥ÂÂÃ¨Â·Â¯Ã¥Â¾Â 1","mn":"ADBE Vector Shape - Ellipse","hd":false},{"ty":"st","c":{"a":0,"k":[1,1,1,1],"ix":3},"o":{"a":0,"k":100,"ix":4},"w":{"a":0,"k":2,"ix":5},"lc":1,"lj":1,"ml":4,"bm":0,"nm":"Ã¦ÂÂÃ¨Â¾Â¹ 1","mn":"ADBE Vector Graphic - Stroke","hd":false},{"ty":"fl","c":{"a":0,"k":[1,1,1,1],"ix":4},"o":{"a":0,"k":100,"ix":5},"r":1,"bm":0,"nm":"Ã¥Â¡Â«Ã¥ÂÂ 1","mn":"ADBE Vector Graphic - Fill","hd":false},{"ty":"tr","p":{"a":0,"k":[-496.391,-184.391],"ix":2},"a":{"a":0,"k":[0,0],"ix":1},"s":{"a":0,"k":[100,100],"ix":3},"r":{"a":0,"k":0,"ix":6},"o":{"a":0,"k":100,"ix":7},"sk":{"a":0,"k":0,"ix":4},"sa":{"a":0,"k":0,"ix":5},"nm":"Ã¥ÂÂÃ¦ÂÂ¢"}],"nm":"Ã¦Â¤Â­Ã¥ÂÂ 41","np":3,"cix":2,"bm":0,"ix":5,"mn":"ADBE Vector Group","hd":false},{"ty":"gr","it":[{"d":1,"ty":"el","s":{"a":0,"k":[11.578,11.578],"ix":2},"p":{"a":0,"k":[0,0],"ix":3},"nm":"Ã¦Â¤Â­Ã¥ÂÂÃ¨Â·Â¯Ã¥Â¾Â 1","mn":"ADBE Vector Shape - Ellipse","hd":false},{"ty":"st","c":{"a":0,"k":[1,1,1,1],"ix":3},"o":{"a":0,"k":100,"ix":4},"w":{"a":0,"k":2,"ix":5},"lc":1,"lj":1,"ml":4,"bm":0,"nm":"Ã¦ÂÂÃ¨Â¾Â¹ 1","mn":"ADBE Vector Graphic - Stroke","hd":false},{"ty":"fl","c":{"a":0,"k":[1,1,1,1],"ix":4},"o":{"a":0,"k":100,"ix":5},"r":1,"bm":0,"nm":"Ã¥Â¡Â«Ã¥ÂÂ 1","mn":"ADBE Vector Graphic - Fill","hd":false},{"ty":"tr","p":{"a":0,"k":[-234.211,493.789],"ix":2},"a":{"a":0,"k":[0,0],"ix":1},"s":{"a":0,"k":[100,100],"ix":3},"r":{"a":0,"k":0,"ix":6},"o":{"a":0,"k":100,"ix":7},"sk":{"a":0,"k":0,"ix":4},"sa":{"a":0,"k":0,"ix":5},"nm":"Ã¥ÂÂÃ¦ÂÂ¢"}],"nm":"Ã¦Â¤Â­Ã¥ÂÂ 40","np":3,"cix":2,"bm":0,"ix":6,"mn":"ADBE Vector Group","hd":false},{"ty":"gr","it":[{"d":1,"ty":"el","s":{"a":0,"k":[12.469,12.469],"ix":2},"p":{"a":0,"k":[0,0],"ix":3},"nm":"Ã¦Â¤Â­Ã¥ÂÂÃ¨Â·Â¯Ã¥Â¾Â 1","mn":"ADBE Vector Shape - Ellipse","hd":false},{"ty":"st","c":{"a":0,"k":[1,1,1,1],"ix":3},"o":{"a":0,"k":100,"ix":4},"w":{"a":0,"k":2,"ix":5},"lc":1,"lj":1,"ml":4,"bm":0,"nm":"Ã¦ÂÂÃ¨Â¾Â¹ 1","mn":"ADBE Vector Graphic - Stroke","hd":false},{"ty":"fl","c":{"a":0,"k":[1,1,1,1],"ix":4},"o":{"a":0,"k":100,"ix":5},"r":1,"bm":0,"nm":"Ã¥Â¡Â«Ã¥ÂÂ 1","mn":"ADBE Vector Graphic - Fill","hd":false},{"ty":"tr","p":{"a":0,"k":[98.234,474.234],"ix":2},"a":{"a":0,"k":[0,0],"ix":1},"s":{"a":0,"k":[100,100],"ix":3},"r":{"a":0,"k":0,"ix":6},"o":{"a":0,"k":100,"ix":7},"sk":{"a":0,"k":0,"ix":4},"sa":{"a":0,"k":0,"ix":5},"nm":"Ã¥ÂÂÃ¦ÂÂ¢"}],"nm":"Ã¦Â¤Â­Ã¥ÂÂ 39","np":3,"cix":2,"bm":0,"ix":7,"mn":"ADBE Vector Group","hd":false},{"ty":"gr","it":[{"d":1,"ty":"el","s":{"a":0,"k":[10.172,10.172],"ix":2},"p":{"a":0,"k":[0,0],"ix":3},"nm":"Ã¦Â¤Â­Ã¥ÂÂÃ¨Â·Â¯Ã¥Â¾Â 1","mn":"ADBE Vector Shape - Ellipse","hd":false},{"ty":"st","c":{"a":0,"k":[1,1,1,1],"ix":3},"o":{"a":0,"k":100,"ix":4},"w":{"a":0,"k":2,"ix":5},"lc":1,"lj":1,"ml":4,"bm":0,"nm":"Ã¦ÂÂÃ¨Â¾Â¹ 1","mn":"ADBE Vector Graphic - Stroke","hd":false},{"ty":"fl","c":{"a":0,"k":[1,1,1,1],"ix":4},"o":{"a":0,"k":100,"ix":5},"r":1,"bm":0,"nm":"Ã¥Â¡Â«Ã¥ÂÂ 1","mn":"ADBE Vector Graphic - Fill","hd":false},{"ty":"tr","p":{"a":0,"k":[389.086,493.086],"ix":2},"a":{"a":0,"k":[0,0],"ix":1},"s":{"a":0,"k":[100,100],"ix":3},"r":{"a":0,"k":0,"ix":6},"o":{"a":0,"k":100,"ix":7},"sk":{"a":0,"k":0,"ix":4},"sa":{"a":0,"k":0,"ix":5},"nm":"Ã¥ÂÂÃ¦ÂÂ¢"}],"nm":"Ã¦Â¤Â­Ã¥ÂÂ 38","np":3,"cix":2,"bm":0,"ix":8,"mn":"ADBE Vector Group","hd":false},{"ty":"gr","it":[{"d":1,"ty":"el","s":{"a":0,"k":[15.219,15.219],"ix":2},"p":{"a":0,"k":[0,0],"ix":3},"nm":"Ã¦Â¤Â­Ã¥ÂÂÃ¨Â·Â¯Ã¥Â¾Â 1","mn":"ADBE Vector Shape - Ellipse","hd":false},{"ty":"st","c":{"a":0,"k":[1,1,1,1],"ix":3},"o":{"a":0,"k":100,"ix":4},"w":{"a":0,"k":2,"ix":5},"lc":1,"lj":1,"ml":4,"bm":0,"nm":"Ã¦ÂÂÃ¨Â¾Â¹ 1","mn":"ADBE Vector Graphic - Stroke","hd":false},{"ty":"fl","c":{"a":0,"k":[1,1,1,1],"ix":4},"o":{"a":0,"k":100,"ix":5},"r":1,"bm":0,"nm":"Ã¥Â¡Â«Ã¥ÂÂ 1","mn":"ADBE Vector Graphic - Fill","hd":false},{"ty":"tr","p":{"a":0,"k":[275.609,435.609],"ix":2},"a":{"a":0,"k":[0,0],"ix":1},"s":{"a":0,"k":[100,100],"ix":3},"r":{"a":0,"k":0,"ix":6},"o":{"a":0,"k":100,"ix":7},"sk":{"a":0,"k":0,"ix":4},"sa":{"a":0,"k":0,"ix":5},"nm":"Ã¥ÂÂÃ¦ÂÂ¢"}],"nm":"Ã¦Â¤Â­Ã¥ÂÂ 37","np":3,"cix":2,"bm":0,"ix":9,"mn":"ADBE Vector Group","hd":false},{"ty":"gr","it":[{"d":1,"ty":"el","s":{"a":0,"k":[12.141,12.141],"ix":2},"p":{"a":0,"k":[0,0],"ix":3},"nm":"Ã¦Â¤Â­Ã¥ÂÂÃ¨Â·Â¯Ã¥Â¾Â 1","mn":"ADBE Vector Shape - Ellipse","hd":false},{"ty":"st","c":{"a":0,"k":[1,1,1,1],"ix":3},"o":{"a":0,"k":100,"ix":4},"w":{"a":0,"k":2,"ix":5},"lc":1,"lj":1,"ml":4,"bm":0,"nm":"Ã¦ÂÂÃ¨Â¾Â¹ 1","mn":"ADBE Vector Graphic - Stroke","hd":false},{"ty":"fl","c":{"a":0,"k":[1,1,1,1],"ix":4},"o":{"a":0,"k":100,"ix":5},"r":1,"bm":0,"nm":"Ã¥Â¡Â«Ã¥ÂÂ 1","mn":"ADBE Vector Graphic - Fill","hd":false},{"ty":"tr","p":{"a":0,"k":[-469.93,418.07],"ix":2},"a":{"a":0,"k":[0,0],"ix":1},"s":{"a":0,"k":[100,100],"ix":3},"r":{"a":0,"k":0,"ix":6},"o":{"a":0,"k":100,"ix":7},"sk":{"a":0,"k":0,"ix":4},"sa":{"a":0,"k":0,"ix":5},"nm":"Ã¥ÂÂÃ¦ÂÂ¢"}],"nm":"Ã¦Â¤Â­Ã¥ÂÂ 36","np":3,"cix":2,"bm":0,"ix":10,"mn":"ADBE Vector Group","hd":false},{"ty":"gr","it":[{"d":1,"ty":"el","s":{"a":0,"k":[6.781,6.781],"ix":2},"p":{"a":0,"k":[0,0],"ix":3},"nm":"Ã¦Â¤Â­Ã¥ÂÂÃ¨Â·Â¯Ã¥Â¾Â 1","mn":"ADBE Vector Shape - Ellipse","hd":false},{"ty":"st","c":{"a":0,"k":[1,1,1,1],"ix":3},"o":{"a":0,"k":100,"ix":4},"w":{"a":0,"k":2,"ix":5},"lc":1,"lj":1,"ml":4,"bm":0,"nm":"Ã¦ÂÂÃ¨Â¾Â¹ 1","mn":"ADBE Vector Graphic - Stroke","hd":false},{"ty":"fl","c":{"a":0,"k":[1,1,1,1],"ix":4},"o":{"a":0,"k":100,"ix":5},"r":1,"bm":0,"nm":"Ã¥Â¡Â«Ã¥ÂÂ 1","mn":"ADBE Vector Graphic - Fill","hd":false},{"ty":"tr","p":{"a":0,"k":[-300.609,423.391],"ix":2},"a":{"a":0,"k":[0,0],"ix":1},"s":{"a":0,"k":[100,100],"ix":3},"r":{"a":0,"k":0,"ix":6},"o":{"a":0,"k":100,"ix":7},"sk":{"a":0,"k":0,"ix":4},"sa":{"a":0,"k":0,"ix":5},"nm":"Ã¥ÂÂÃ¦ÂÂ¢"}],"nm":"Ã¦Â¤Â­Ã¥ÂÂ 35","np":3,"cix":2,"bm":0,"ix":11,"mn":"ADBE Vector Group","hd":false},{"ty":"gr","it":[{"d":1,"ty":"el","s":{"a":0,"k":[22.781,22.781],"ix":2},"p":{"a":0,"k":[0,0],"ix":3},"nm":"Ã¦Â¤Â­Ã¥ÂÂÃ¨Â·Â¯Ã¥Â¾Â 1","mn":"ADBE Vector Shape - Ellipse","hd":false},{"ty":"st","c":{"a":0,"k":[1,1,1,1],"ix":3},"o":{"a":0,"k":100,"ix":4},"w":{"a":0,"k":2,"ix":5},"lc":1,"lj":1,"ml":4,"bm":0,"nm":"Ã¦ÂÂÃ¨Â¾Â¹ 1","mn":"ADBE Vector Graphic - Stroke","hd":false},{"ty":"fl","c":{"a":0,"k":[1,1,1,1],"ix":4},"o":{"a":0,"k":100,"ix":5},"r":1,"bm":0,"nm":"Ã¥Â¡Â«Ã¥ÂÂ 1","mn":"ADBE Vector Graphic - Fill","hd":false},{"ty":"tr","p":{"a":0,"k":[555.391,479.391],"ix":2},"a":{"a":0,"k":[0,0],"ix":1},"s":{"a":0,"k":[100,100],"ix":3},"r":{"a":0,"k":0,"ix":6},"o":{"a":0,"k":100,"ix":7},"sk":{"a":0,"k":0,"ix":4},"sa":{"a":0,"k":0,"ix":5},"nm":"Ã¥ÂÂÃ¦ÂÂ¢"}],"nm":"Ã¦Â¤Â­Ã¥ÂÂ 34","np":3,"cix":2,"bm":0,"ix":12,"mn":"ADBE Vector Group","hd":false},{"ty":"gr","it":[{"d":1,"ty":"el","s":{"a":0,"k":[16.172,16.172],"ix":2},"p":{"a":0,"k":[0,0],"ix":3},"nm":"Ã¦Â¤Â­Ã¥ÂÂÃ¨Â·Â¯Ã¥Â¾Â 1","mn":"ADBE Vector Shape - Ellipse","hd":false},{"ty":"st","c":{"a":0,"k":[1,1,1,1],"ix":3},"o":{"a":0,"k":100,"ix":4},"w":{"a":0,"k":2,"ix":5},"lc":1,"lj":1,"ml":4,"bm":0,"nm":"Ã¦ÂÂÃ¨Â¾Â¹ 1","mn":"ADBE Vector Graphic - Stroke","hd":false},{"ty":"fl","c":{"a":0,"k":[1,1,1,1],"ix":4},"o":{"a":0,"k":100,"ix":5},"r":1,"bm":0,"nm":"Ã¥Â¡Â«Ã¥ÂÂ 1","mn":"ADBE Vector Graphic - Fill","hd":false},{"ty":"tr","p":{"a":0,"k":[492.086,428.086],"ix":2},"a":{"a":0,"k":[0,0],"ix":1},"s":{"a":0,"k":[100,100],"ix":3},"r":{"a":0,"k":0,"ix":6},"o":{"a":0,"k":100,"ix":7},"sk":{"a":0,"k":0,"ix":4},"sa":{"a":0,"k":0,"ix":5},"nm":"Ã¥ÂÂÃ¦ÂÂ¢"}],"nm":"Ã¦Â¤Â­Ã¥ÂÂ 33","np":3,"cix":2,"bm":0,"ix":13,"mn":"ADBE Vector Group","hd":false},{"ty":"gr","it":[{"d":1,"ty":"el","s":{"a":0,"k":[20.422,20.422],"ix":2},"p":{"a":0,"k":[0,0],"ix":3},"nm":"Ã¦Â¤Â­Ã¥ÂÂÃ¨Â·Â¯Ã¥Â¾Â 1","mn":"ADBE Vector Shape - Ellipse","hd":false},{"ty":"st","c":{"a":0,"k":[1,1,1,1],"ix":3},"o":{"a":0,"k":100,"ix":4},"w":{"a":0,"k":2,"ix":5},"lc":1,"lj":1,"ml":4,"bm":0,"nm":"Ã¦ÂÂÃ¨Â¾Â¹ 1","mn":"ADBE Vector Graphic - Stroke","hd":false},{"ty":"fl","c":{"a":0,"k":[1,1,1,1],"ix":4},"o":{"a":0,"k":100,"ix":5},"r":1,"bm":0,"nm":"Ã¥Â¡Â«Ã¥ÂÂ 1","mn":"ADBE Vector Graphic - Fill","hd":false},{"ty":"tr","p":{"a":0,"k":[742.211,462.211],"ix":2},"a":{"a":0,"k":[0,0],"ix":1},"s":{"a":0,"k":[100,100],"ix":3},"r":{"a":0,"k":0,"ix":6},"o":{"a":0,"k":100,"ix":7},"sk":{"a":0,"k":0,"ix":4},"sa":{"a":0,"k":0,"ix":5},"nm":"Ã¥ÂÂÃ¦ÂÂ¢"}],"nm":"Ã¦Â¤Â­Ã¥ÂÂ 32","np":3,"cix":2,"bm":0,"ix":14,"mn":"ADBE Vector Group","hd":false},{"ty":"gr","it":[{"d":1,"ty":"el","s":{"a":0,"k":[13.125,13.125],"ix":2},"p":{"a":0,"k":[0,0],"ix":3},"nm":"Ã¦Â¤Â­Ã¥ÂÂÃ¨Â·Â¯Ã¥Â¾Â 1","mn":"ADBE Vector Shape - Ellipse","hd":false},{"ty":"st","c":{"a":0,"k":[1,1,1,1],"ix":3},"o":{"a":0,"k":100,"ix":4},"w":{"a":0,"k":2,"ix":5},"lc":1,"lj":1,"ml":4,"bm":0,"nm":"Ã¦ÂÂÃ¨Â¾Â¹ 1","mn":"ADBE Vector Graphic - Stroke","hd":false},{"ty":"fl","c":{"a":0,"k":[1,1,1,1],"ix":4},"o":{"a":0,"k":100,"ix":5},"r":1,"bm":0,"nm":"Ã¥Â¡Â«Ã¥ÂÂ 1","mn":"ADBE Vector Graphic - Fill","hd":false},{"ty":"tr","p":{"a":0,"k":[678.562,362.562],"ix":2},"a":{"a":0,"k":[0,0],"ix":1},"s":{"a":0,"k":[100,100],"ix":3},"r":{"a":0,"k":0,"ix":6},"o":{"a":0,"k":100,"ix":7},"sk":{"a":0,"k":0,"ix":4},"sa":{"a":0,"k":0,"ix":5},"nm":"Ã¥ÂÂÃ¦ÂÂ¢"}],"nm":"Ã¦Â¤Â­Ã¥ÂÂ 31","np":3,"cix":2,"bm":0,"ix":15,"mn":"ADBE Vector Group","hd":false},{"ty":"gr","it":[{"d":1,"ty":"el","s":{"a":0,"k":[24.547,24.547],"ix":2},"p":{"a":0,"k":[0,0],"ix":3},"nm":"Ã¦Â¤Â­Ã¥ÂÂÃ¨Â·Â¯Ã¥Â¾Â 1","mn":"ADBE Vector Shape - Ellipse","hd":false},{"ty":"st","c":{"a":0,"k":[1,1,1,1],"ix":3},"o":{"a":0,"k":100,"ix":4},"w":{"a":0,"k":2,"ix":5},"lc":1,"lj":1,"ml":4,"bm":0,"nm":"Ã¦ÂÂÃ¨Â¾Â¹ 1","mn":"ADBE Vector Graphic - Stroke","hd":false},{"ty":"fl","c":{"a":0,"k":[1,1,1,1],"ix":4},"o":{"a":0,"k":100,"ix":5},"r":1,"bm":0,"nm":"Ã¥Â¡Â«Ã¥ÂÂ 1","mn":"ADBE Vector Graphic - Fill","hd":false},{"ty":"tr","p":{"a":0,"k":[852.273,380.273],"ix":2},"a":{"a":0,"k":[0,0],"ix":1},"s":{"a":0,"k":[100,100],"ix":3},"r":{"a":0,"k":0,"ix":6},"o":{"a":0,"k":100,"ix":7},"sk":{"a":0,"k":0,"ix":4},"sa":{"a":0,"k":0,"ix":5},"nm":"Ã¥ÂÂÃ¦ÂÂ¢"}],"nm":"Ã¦Â¤Â­Ã¥ÂÂ 30","np":3,"cix":2,"bm":0,"ix":16,"mn":"ADBE Vector Group","hd":false},{"ty":"gr","it":[{"d":1,"ty":"el","s":{"a":0,"k":[15.5,15.5],"ix":2},"p":{"a":0,"k":[0,0],"ix":3},"nm":"Ã¦Â¤Â­Ã¥ÂÂÃ¨Â·Â¯Ã¥Â¾Â 1","mn":"ADBE Vector Shape - Ellipse","hd":false},{"ty":"st","c":{"a":0,"k":[1,1,1,1],"ix":3},"o":{"a":0,"k":100,"ix":4},"w":{"a":0,"k":2,"ix":5},"lc":1,"lj":1,"ml":4,"bm":0,"nm":"Ã¦ÂÂÃ¨Â¾Â¹ 1","mn":"ADBE Vector Graphic - Stroke","hd":false},{"ty":"fl","c":{"a":0,"k":[1,1,1,1],"ix":4},"o":{"a":0,"k":100,"ix":5},"r":1,"bm":0,"nm":"Ã¥Â¡Â«Ã¥ÂÂ 1","mn":"ADBE Vector Graphic - Fill","hd":false},{"ty":"tr","p":{"a":0,"k":[883.75,307.75],"ix":2},"a":{"a":0,"k":[0,0],"ix":1},"s":{"a":0,"k":[100,100],"ix":3},"r":{"a":0,"k":0,"ix":6},"o":{"a":0,"k":100,"ix":7},"sk":{"a":0,"k":0,"ix":4},"sa":{"a":0,"k":0,"ix":5},"nm":"Ã¥ÂÂÃ¦ÂÂ¢"}],"nm":"Ã¦Â¤Â­Ã¥ÂÂ 29","np":3,"cix":2,"bm":0,"ix":17,"mn":"ADBE Vector Group","hd":false},{"ty":"gr","it":[{"d":1,"ty":"el","s":{"a":0,"k":[23.062,23.062],"ix":2},"p":{"a":0,"k":[0,0],"ix":3},"nm":"Ã¦Â¤Â­Ã¥ÂÂÃ¨Â·Â¯Ã¥Â¾Â 1","mn":"ADBE Vector Shape - Ellipse","hd":false},{"ty":"st","c":{"a":0,"k":[1,1,1,1],"ix":3},"o":{"a":0,"k":100,"ix":4},"w":{"a":0,"k":2,"ix":5},"lc":1,"lj":1,"ml":4,"bm":0,"nm":"Ã¦ÂÂÃ¨Â¾Â¹ 1","mn":"ADBE Vector Graphic - Stroke","hd":false},{"ty":"fl","c":{"a":0,"k":[1,1,1,1],"ix":4},"o":{"a":0,"k":100,"ix":5},"r":1,"bm":0,"nm":"Ã¥Â¡Â«Ã¥ÂÂ 1","mn":"ADBE Vector Graphic - Fill","hd":false},{"ty":"tr","p":{"a":0,"k":[791.531,183.531],"ix":2},"a":{"a":0,"k":[0,0],"ix":1},"s":{"a":0,"k":[100,100],"ix":3},"r":{"a":0,"k":0,"ix":6},"o":{"a":0,"k":100,"ix":7},"sk":{"a":0,"k":0,"ix":4},"sa":{"a":0,"k":0,"ix":5},"nm":"Ã¥ÂÂÃ¦ÂÂ¢"}],"nm":"Ã¦Â¤Â­Ã¥ÂÂ 28","np":3,"cix":2,"bm":0,"ix":18,"mn":"ADBE Vector Group","hd":false},{"ty":"gr","it":[{"d":1,"ty":"el","s":{"a":0,"k":[17.594,17.594],"ix":2},"p":{"a":0,"k":[0,0],"ix":3},"nm":"Ã¦Â¤Â­Ã¥ÂÂÃ¨Â·Â¯Ã¥Â¾Â 1","mn":"ADBE Vector Shape - Ellipse","hd":false},{"ty":"st","c":{"a":0,"k":[1,1,1,1],"ix":3},"o":{"a":0,"k":100,"ix":4},"w":{"a":0,"k":2,"ix":5},"lc":1,"lj":1,"ml":4,"bm":0,"nm":"Ã¦ÂÂÃ¨Â¾Â¹ 1","mn":"ADBE Vector Graphic - Stroke","hd":false},{"ty":"fl","c":{"a":0,"k":[1,1,1,1],"ix":4},"o":{"a":0,"k":100,"ix":5},"r":1,"bm":0,"nm":"Ã¥Â¡Â«Ã¥ÂÂ 1","mn":"ADBE Vector Graphic - Fill","hd":false},{"ty":"tr","p":{"a":0,"k":[892.797,112.797],"ix":2},"a":{"a":0,"k":[0,0],"ix":1},"s":{"a":0,"k":[100,100],"ix":3},"r":{"a":0,"k":0,"ix":6},"o":{"a":0,"k":100,"ix":7},"sk":{"a":0,"k":0,"ix":4},"sa":{"a":0,"k":0,"ix":5},"nm":"Ã¥ÂÂÃ¦ÂÂ¢"}],"nm":"Ã¦Â¤Â­Ã¥ÂÂ 27","np":3,"cix":2,"bm":0,"ix":19,"mn":"ADBE Vector Group","hd":false},{"ty":"gr","it":[{"d":1,"ty":"el","s":{"a":0,"k":[19.047,19.047],"ix":2},"p":{"a":0,"k":[0,0],"ix":3},"nm":"Ã¦Â¤Â­Ã¥ÂÂÃ¨Â·Â¯Ã¥Â¾Â 1","mn":"ADBE Vector Shape - Ellipse","hd":false},{"ty":"st","c":{"a":0,"k":[1,1,1,1],"ix":3},"o":{"a":0,"k":100,"ix":4},"w":{"a":0,"k":2,"ix":5},"lc":1,"lj":1,"ml":4,"bm":0,"nm":"Ã¦ÂÂÃ¨Â¾Â¹ 1","mn":"ADBE Vector Graphic - Stroke","hd":false},{"ty":"fl","c":{"a":0,"k":[1,1,1,1],"ix":4},"o":{"a":0,"k":100,"ix":5},"r":1,"bm":0,"nm":"Ã¥Â¡Â«Ã¥ÂÂ 1","mn":"ADBE Vector Graphic - Fill","hd":false},{"ty":"tr","p":{"a":0,"k":[869.523,-110.477],"ix":2},"a":{"a":0,"k":[0,0],"ix":1},"s":{"a":0,"k":[100,100],"ix":3},"r":{"a":0,"k":0,"ix":6},"o":{"a":0,"k":100,"ix":7},"sk":{"a":0,"k":0,"ix":4},"sa":{"a":0,"k":0,"ix":5},"nm":"Ã¥ÂÂÃ¦ÂÂ¢"}],"nm":"Ã¦Â¤Â­Ã¥ÂÂ 26","np":3,"cix":2,"bm":0,"ix":20,"mn":"ADBE Vector Group","hd":false},{"ty":"gr","it":[{"d":1,"ty":"el","s":{"a":0,"k":[9.516,9.516],"ix":2},"p":{"a":0,"k":[0,0],"ix":3},"nm":"Ã¦Â¤Â­Ã¥ÂÂÃ¨Â·Â¯Ã¥Â¾Â 1","mn":"ADBE Vector Shape - Ellipse","hd":false},{"ty":"st","c":{"a":0,"k":[1,1,1,1],"ix":3},"o":{"a":0,"k":100,"ix":4},"w":{"a":0,"k":2,"ix":5},"lc":1,"lj":1,"ml":4,"bm":0,"nm":"Ã¦ÂÂÃ¨Â¾Â¹ 1","mn":"ADBE Vector Graphic - Stroke","hd":false},{"ty":"fl","c":{"a":0,"k":[1,1,1,1],"ix":4},"o":{"a":0,"k":100,"ix":5},"r":1,"bm":0,"nm":"Ã¥Â¡Â«Ã¥ÂÂ 1","mn":"ADBE Vector Graphic - Fill","hd":false},{"ty":"tr","p":{"a":0,"k":[660.758,-287.242],"ix":2},"a":{"a":0,"k":[0,0],"ix":1},"s":{"a":0,"k":[100,100],"ix":3},"r":{"a":0,"k":0,"ix":6},"o":{"a":0,"k":100,"ix":7},"sk":{"a":0,"k":0,"ix":4},"sa":{"a":0,"k":0,"ix":5},"nm":"Ã¥ÂÂÃ¦ÂÂ¢"}],"nm":"Ã¦Â¤Â­Ã¥ÂÂ 25","np":3,"cix":2,"bm":0,"ix":21,"mn":"ADBE Vector Group","hd":false},{"ty":"gr","it":[{"d":1,"ty":"el","s":{"a":0,"k":[23.672,23.672],"ix":2},"p":{"a":0,"k":[0,0],"ix":3},"nm":"Ã¦Â¤Â­Ã¥ÂÂÃ¨Â·Â¯Ã¥Â¾Â 1","mn":"ADBE Vector Shape - Ellipse","hd":false},{"ty":"st","c":{"a":0,"k":[1,1,1,1],"ix":3},"o":{"a":0,"k":100,"ix":4},"w":{"a":0,"k":2,"ix":5},"lc":1,"lj":1,"ml":4,"bm":0,"nm":"Ã¦ÂÂÃ¨Â¾Â¹ 1","mn":"ADBE Vector Graphic - Stroke","hd":false},{"ty":"fl","c":{"a":0,"k":[1,1,1,1],"ix":4},"o":{"a":0,"k":100,"ix":5},"r":1,"bm":0,"nm":"Ã¥Â¡Â«Ã¥ÂÂ 1","mn":"ADBE Vector Graphic - Fill","hd":false},{"ty":"tr","p":{"a":0,"k":[727.836,-196.164],"ix":2},"a":{"a":0,"k":[0,0],"ix":1},"s":{"a":0,"k":[100,100],"ix":3},"r":{"a":0,"k":0,"ix":6},"o":{"a":0,"k":100,"ix":7},"sk":{"a":0,"k":0,"ix":4},"sa":{"a":0,"k":0,"ix":5},"nm":"Ã¥ÂÂÃ¦ÂÂ¢"}],"nm":"Ã¦Â¤Â­Ã¥ÂÂ 24","np":3,"cix":2,"bm":0,"ix":22,"mn":"ADBE Vector Group","hd":false},{"ty":"gr","it":[{"d":1,"ty":"el","s":{"a":0,"k":[14.547,14.547],"ix":2},"p":{"a":0,"k":[0,0],"ix":3},"nm":"Ã¦Â¤Â­Ã¥ÂÂÃ¨Â·Â¯Ã¥Â¾Â 1","mn":"ADBE Vector Shape - Ellipse","hd":false},{"ty":"st","c":{"a":0,"k":[1,1,1,1],"ix":3},"o":{"a":0,"k":100,"ix":4},"w":{"a":0,"k":2,"ix":5},"lc":1,"lj":1,"ml":4,"bm":0,"nm":"Ã¦ÂÂÃ¨Â¾Â¹ 1","mn":"ADBE Vector Graphic - Stroke","hd":false},{"ty":"fl","c":{"a":0,"k":[1,1,1,1],"ix":4},"o":{"a":0,"k":100,"ix":5},"r":1,"bm":0,"nm":"Ã¥Â¡Â«Ã¥ÂÂ 1","mn":"ADBE Vector Graphic - Fill","hd":false},{"ty":"tr","p":{"a":0,"k":[427.273,-448.727],"ix":2},"a":{"a":0,"k":[0,0],"ix":1},"s":{"a":0,"k":[100,100],"ix":3},"r":{"a":0,"k":0,"ix":6},"o":{"a":0,"k":100,"ix":7},"sk":{"a":0,"k":0,"ix":4},"sa":{"a":0,"k":0,"ix":5},"nm":"Ã¥ÂÂÃ¦ÂÂ¢"}],"nm":"Ã¦Â¤Â­Ã¥ÂÂ 23","np":3,"cix":2,"bm":0,"ix":23,"mn":"ADBE Vector Group","hd":false},{"ty":"gr","it":[{"d":1,"ty":"el","s":{"a":0,"k":[18.219,18.219],"ix":2},"p":{"a":0,"k":[0,0],"ix":3},"nm":"Ã¦Â¤Â­Ã¥ÂÂÃ¨Â·Â¯Ã¥Â¾Â 1","mn":"ADBE Vector Shape - Ellipse","hd":false},{"ty":"st","c":{"a":0,"k":[1,1,1,1],"ix":3},"o":{"a":0,"k":100,"ix":4},"w":{"a":0,"k":2,"ix":5},"lc":1,"lj":1,"ml":4,"bm":0,"nm":"Ã¦ÂÂÃ¨Â¾Â¹ 1","mn":"ADBE Vector Graphic - Stroke","hd":false},{"ty":"fl","c":{"a":0,"k":[1,1,1,1],"ix":4},"o":{"a":0,"k":100,"ix":5},"r":1,"bm":0,"nm":"Ã¥Â¡Â«Ã¥ÂÂ 1","mn":"ADBE Vector Graphic - Fill","hd":false},{"ty":"tr","p":{"a":0,"k":[901.109,-266.891],"ix":2},"a":{"a":0,"k":[0,0],"ix":1},"s":{"a":0,"k":[100,100],"ix":3},"r":{"a":0,"k":0,"ix":6},"o":{"a":0,"k":100,"ix":7},"sk":{"a":0,"k":0,"ix":4},"sa":{"a":0,"k":0,"ix":5},"nm":"Ã¥ÂÂÃ¦ÂÂ¢"}],"nm":"Ã¦Â¤Â­Ã¥ÂÂ 22","np":3,"cix":2,"bm":0,"ix":24,"mn":"ADBE Vector Group","hd":false},{"ty":"gr","it":[{"d":1,"ty":"el","s":{"a":0,"k":[16.547,16.547],"ix":2},"p":{"a":0,"k":[0,0],"ix":3},"nm":"Ã¦Â¤Â­Ã¥ÂÂÃ¨Â·Â¯Ã¥Â¾Â 1","mn":"ADBE Vector Shape - Ellipse","hd":false},{"ty":"st","c":{"a":0,"k":[1,1,1,1],"ix":3},"o":{"a":0,"k":100,"ix":4},"w":{"a":0,"k":2,"ix":5},"lc":1,"lj":1,"ml":4,"bm":0,"nm":"Ã¦ÂÂÃ¨Â¾Â¹ 1","mn":"ADBE Vector Graphic - Stroke","hd":false},{"ty":"fl","c":{"a":0,"k":[1,1,1,1],"ix":4},"o":{"a":0,"k":100,"ix":5},"r":1,"bm":0,"nm":"Ã¥Â¡Â«Ã¥ÂÂ 1","mn":"ADBE Vector Graphic - Fill","hd":false},{"ty":"tr","p":{"a":0,"k":[836.273,-351.727],"ix":2},"a":{"a":0,"k":[0,0],"ix":1},"s":{"a":0,"k":[100,100],"ix":3},"r":{"a":0,"k":0,"ix":6},"o":{"a":0,"k":100,"ix":7},"sk":{"a":0,"k":0,"ix":4},"sa":{"a":0,"k":0,"ix":5},"nm":"Ã¥ÂÂÃ¦ÂÂ¢"}],"nm":"Ã¦Â¤Â­Ã¥ÂÂ 21","np":3,"cix":2,"bm":0,"ix":25,"mn":"ADBE Vector Group","hd":false},{"ty":"gr","it":[{"d":1,"ty":"el","s":{"a":0,"k":[16.719,16.719],"ix":2},"p":{"a":0,"k":[0,0],"ix":3},"nm":"Ã¦Â¤Â­Ã¥ÂÂÃ¨Â·Â¯Ã¥Â¾Â 1","mn":"ADBE Vector Shape - Ellipse","hd":false},{"ty":"st","c":{"a":0,"k":[1,1,1,1],"ix":3},"o":{"a":0,"k":100,"ix":4},"w":{"a":0,"k":2,"ix":5},"lc":1,"lj":1,"ml":4,"bm":0,"nm":"Ã¦ÂÂÃ¨Â¾Â¹ 1","mn":"ADBE Vector Graphic - Stroke","hd":false},{"ty":"fl","c":{"a":0,"k":[1,1,1,1],"ix":4},"o":{"a":0,"k":100,"ix":5},"r":1,"bm":0,"nm":"Ã¥Â¡Â«Ã¥ÂÂ 1","mn":"ADBE Vector Graphic - Fill","hd":false},{"ty":"tr","p":{"a":0,"k":[688.359,-427.641],"ix":2},"a":{"a":0,"k":[0,0],"ix":1},"s":{"a":0,"k":[100,100],"ix":3},"r":{"a":0,"k":0,"ix":6},"o":{"a":0,"k":100,"ix":7},"sk":{"a":0,"k":0,"ix":4},"sa":{"a":0,"k":0,"ix":5},"nm":"Ã¥ÂÂÃ¦ÂÂ¢"}],"nm":"Ã¦Â¤Â­Ã¥ÂÂ 20","np":3,"cix":2,"bm":0,"ix":26,"mn":"ADBE Vector Group","hd":false},{"ty":"gr","it":[{"d":1,"ty":"el","s":{"a":0,"k":[3.281,3.281],"ix":2},"p":{"a":0,"k":[0,0],"ix":3},"nm":"Ã¦Â¤Â­Ã¥ÂÂÃ¨Â·Â¯Ã¥Â¾Â 1","mn":"ADBE Vector Shape - Ellipse","hd":false},{"ty":"st","c":{"a":0,"k":[1,1,1,1],"ix":3},"o":{"a":0,"k":100,"ix":4},"w":{"a":0,"k":2,"ix":5},"lc":1,"lj":1,"ml":4,"bm":0,"nm":"Ã¦ÂÂÃ¨Â¾Â¹ 1","mn":"ADBE Vector Graphic - Stroke","hd":false},{"ty":"fl","c":{"a":0,"k":[1,1,1,1],"ix":4},"o":{"a":0,"k":100,"ix":5},"r":1,"bm":0,"nm":"Ã¥Â¡Â«Ã¥ÂÂ 1","mn":"ADBE Vector Graphic - Fill","hd":false},{"ty":"tr","p":{"a":0,"k":[637.641,-482.359],"ix":2},"a":{"a":0,"k":[0,0],"ix":1},"s":{"a":0,"k":[100,100],"ix":3},"r":{"a":0,"k":0,"ix":6},"o":{"a":0,"k":100,"ix":7},"sk":{"a":0,"k":0,"ix":4},"sa":{"a":0,"k":0,"ix":5},"nm":"Ã¥ÂÂÃ¦ÂÂ¢"}],"nm":"Ã¦Â¤Â­Ã¥ÂÂ 19","np":3,"cix":2,"bm":0,"ix":27,"mn":"ADBE Vector Group","hd":false},{"ty":"gr","it":[{"d":1,"ty":"el","s":{"a":0,"k":[19.609,19.609],"ix":2},"p":{"a":0,"k":[0,0],"ix":3},"nm":"Ã¦Â¤Â­Ã¥ÂÂÃ¨Â·Â¯Ã¥Â¾Â 1","mn":"ADBE Vector Shape - Ellipse","hd":false},{"ty":"st","c":{"a":0,"k":[1,1,1,1],"ix":3},"o":{"a":0,"k":100,"ix":4},"w":{"a":0,"k":2,"ix":5},"lc":1,"lj":1,"ml":4,"bm":0,"nm":"Ã¦ÂÂÃ¨Â¾Â¹ 1","mn":"ADBE Vector Graphic - Stroke","hd":false},{"ty":"fl","c":{"a":0,"k":[1,1,1,1],"ix":4},"o":{"a":0,"k":100,"ix":5},"r":1,"bm":0,"nm":"Ã¥Â¡Â«Ã¥ÂÂ 1","mn":"ADBE Vector Graphic - Fill","hd":false},{"ty":"tr","p":{"a":0,"k":[805.805,-450.195],"ix":2},"a":{"a":0,"k":[0,0],"ix":1},"s":{"a":0,"k":[100,100],"ix":3},"r":{"a":0,"k":0,"ix":6},"o":{"a":0,"k":100,"ix":7},"sk":{"a":0,"k":0,"ix":4},"sa":{"a":0,"k":0,"ix":5},"nm":"Ã¥ÂÂÃ¦ÂÂ¢"}],"nm":"Ã¦Â¤Â­Ã¥ÂÂ 18","np":3,"cix":2,"bm":0,"ix":28,"mn":"ADBE Vector Group","hd":false},{"ty":"gr","it":[{"d":1,"ty":"el","s":{"a":0,"k":[14.125,14.125],"ix":2},"p":{"a":0,"k":[0,0],"ix":3},"nm":"Ã¦Â¤Â­Ã¥ÂÂÃ¨Â·Â¯Ã¥Â¾Â 1","mn":"ADBE Vector Shape - Ellipse","hd":false},{"ty":"st","c":{"a":0,"k":[1,1,1,1],"ix":3},"o":{"a":0,"k":100,"ix":4},"w":{"a":0,"k":2,"ix":5},"lc":1,"lj":1,"ml":4,"bm":0,"nm":"Ã¦ÂÂÃ¨Â¾Â¹ 1","mn":"ADBE Vector Graphic - Stroke","hd":false},{"ty":"fl","c":{"a":0,"k":[1,1,1,1],"ix":4},"o":{"a":0,"k":100,"ix":5},"r":1,"bm":0,"nm":"Ã¥Â¡Â«Ã¥ÂÂ 1","mn":"ADBE Vector Graphic - Fill","hd":false},{"ty":"tr","p":{"a":0,"k":[-560.938,-504.938],"ix":2},"a":{"a":0,"k":[0,0],"ix":1},"s":{"a":0,"k":[100,100],"ix":3},"r":{"a":0,"k":0,"ix":6},"o":{"a":0,"k":100,"ix":7},"sk":{"a":0,"k":0,"ix":4},"sa":{"a":0,"k":0,"ix":5},"nm":"Ã¥ÂÂÃ¦ÂÂ¢"}],"nm":"Ã¦Â¤Â­Ã¥ÂÂ 17","np":3,"cix":2,"bm":0,"ix":29,"mn":"ADBE Vector Group","hd":false},{"ty":"gr","it":[{"d":1,"ty":"el","s":{"a":0,"k":[21.609,21.609],"ix":2},"p":{"a":0,"k":[0,0],"ix":3},"nm":"Ã¦Â¤Â­Ã¥ÂÂÃ¨Â·Â¯Ã¥Â¾Â 1","mn":"ADBE Vector Shape - Ellipse","hd":false},{"ty":"st","c":{"a":0,"k":[1,1,1,1],"ix":3},"o":{"a":0,"k":100,"ix":4},"w":{"a":0,"k":2,"ix":5},"lc":1,"lj":1,"ml":4,"bm":0,"nm":"Ã¦ÂÂÃ¨Â¾Â¹ 1","mn":"ADBE Vector Graphic - Stroke","hd":false},{"ty":"fl","c":{"a":0,"k":[1,1,1,1],"ix":4},"o":{"a":0,"k":100,"ix":5},"r":1,"bm":0,"nm":"Ã¥Â¡Â«Ã¥ÂÂ 1","mn":"ADBE Vector Graphic - Fill","hd":false},{"ty":"tr","p":{"a":0,"k":[-405.195,-441.195],"ix":2},"a":{"a":0,"k":[0,0],"ix":1},"s":{"a":0,"k":[100,100],"ix":3},"r":{"a":0,"k":0,"ix":6},"o":{"a":0,"k":100,"ix":7},"sk":{"a":0,"k":0,"ix":4},"sa":{"a":0,"k":0,"ix":5},"nm":"Ã¥ÂÂÃ¦ÂÂ¢"}],"nm":"Ã¦Â¤Â­Ã¥ÂÂ 16","np":3,"cix":2,"bm":0,"ix":30,"mn":"ADBE Vector Group","hd":false},{"ty":"gr","it":[{"d":1,"ty":"el","s":{"a":0,"k":[12.172,12.172],"ix":2},"p":{"a":0,"k":[0,0],"ix":3},"nm":"Ã¦Â¤Â­Ã¥ÂÂÃ¨Â·Â¯Ã¥Â¾Â 1","mn":"ADBE Vector Shape - Ellipse","hd":false},{"ty":"st","c":{"a":0,"k":[1,1,1,1],"ix":3},"o":{"a":0,"k":100,"ix":4},"w":{"a":0,"k":2,"ix":5},"lc":1,"lj":1,"ml":4,"bm":0,"nm":"Ã¦ÂÂÃ¨Â¾Â¹ 1","mn":"ADBE Vector Graphic - Stroke","hd":false},{"ty":"fl","c":{"a":0,"k":[1,1,1,1],"ix":4},"o":{"a":0,"k":100,"ix":5},"r":1,"bm":0,"nm":"Ã¥Â¡Â«Ã¥ÂÂ 1","mn":"ADBE Vector Graphic - Fill","hd":false},{"ty":"tr","p":{"a":0,"k":[-873.914,-461.914],"ix":2},"a":{"a":0,"k":[0,0],"ix":1},"s":{"a":0,"k":[100,100],"ix":3},"r":{"a":0,"k":0,"ix":6},"o":{"a":0,"k":100,"ix":7},"sk":{"a":0,"k":0,"ix":4},"sa":{"a":0,"k":0,"ix":5},"nm":"Ã¥ÂÂÃ¦ÂÂ¢"}],"nm":"Ã¦Â¤Â­Ã¥ÂÂ 15","np":3,"cix":2,"bm":0,"ix":31,"mn":"ADBE Vector Group","hd":false},{"ty":"gr","it":[{"d":1,"ty":"el","s":{"a":0,"k":[15.328,15.328],"ix":2},"p":{"a":0,"k":[0,0],"ix":3},"nm":"Ã¦Â¤Â­Ã¥ÂÂÃ¨Â·Â¯Ã¥Â¾Â 1","mn":"ADBE Vector Shape - Ellipse","hd":false},{"ty":"st","c":{"a":0,"k":[1,1,1,1],"ix":3},"o":{"a":0,"k":100,"ix":4},"w":{"a":0,"k":2,"ix":5},"lc":1,"lj":1,"ml":4,"bm":0,"nm":"Ã¦ÂÂÃ¨Â¾Â¹ 1","mn":"ADBE Vector Graphic - Stroke","hd":false},{"ty":"fl","c":{"a":0,"k":[1,1,1,1],"ix":4},"o":{"a":0,"k":100,"ix":5},"r":1,"bm":0,"nm":"Ã¥Â¡Â«Ã¥ÂÂ 1","mn":"ADBE Vector Graphic - Fill","hd":false},{"ty":"tr","p":{"a":0,"k":[-616.336,-344.336],"ix":2},"a":{"a":0,"k":[0,0],"ix":1},"s":{"a":0,"k":[100,100],"ix":3},"r":{"a":0,"k":0,"ix":6},"o":{"a":0,"k":100,"ix":7},"sk":{"a":0,"k":0,"ix":4},"sa":{"a":0,"k":0,"ix":5},"nm":"Ã¥ÂÂÃ¦ÂÂ¢"}],"nm":"Ã¦Â¤Â­Ã¥ÂÂ 14","np":3,"cix":2,"bm":0,"ix":32,"mn":"ADBE Vector Group","hd":false},{"ty":"gr","it":[{"d":1,"ty":"el","s":{"a":0,"k":[10.734,10.734],"ix":2},"p":{"a":0,"k":[0,0],"ix":3},"nm":"Ã¦Â¤Â­Ã¥ÂÂÃ¨Â·Â¯Ã¥Â¾Â 1","mn":"ADBE Vector Shape - Ellipse","hd":false},{"ty":"st","c":{"a":0,"k":[1,1,1,1],"ix":3},"o":{"a":0,"k":100,"ix":4},"w":{"a":0,"k":2,"ix":5},"lc":1,"lj":1,"ml":4,"bm":0,"nm":"Ã¦ÂÂÃ¨Â¾Â¹ 1","mn":"ADBE Vector Graphic - Stroke","hd":false},{"ty":"fl","c":{"a":0,"k":[1,1,1,1],"ix":4},"o":{"a":0,"k":100,"ix":5},"r":1,"bm":0,"nm":"Ã¥Â¡Â«Ã¥ÂÂ 1","mn":"ADBE Vector Graphic - Fill","hd":false},{"ty":"tr","p":{"a":0,"k":[-826.633,-150.633],"ix":2},"a":{"a":0,"k":[0,0],"ix":1},"s":{"a":0,"k":[100,100],"ix":3},"r":{"a":0,"k":0,"ix":6},"o":{"a":0,"k":100,"ix":7},"sk":{"a":0,"k":0,"ix":4},"sa":{"a":0,"k":0,"ix":5},"nm":"Ã¥ÂÂÃ¦ÂÂ¢"}],"nm":"Ã¦Â¤Â­Ã¥ÂÂ 13","np":3,"cix":2,"bm":0,"ix":33,"mn":"ADBE Vector Group","hd":false},{"ty":"gr","it":[{"d":1,"ty":"el","s":{"a":0,"k":[7.656,7.656],"ix":2},"p":{"a":0,"k":[0,0],"ix":3},"nm":"Ã¦Â¤Â­Ã¥ÂÂÃ¨Â·Â¯Ã¥Â¾Â 1","mn":"ADBE Vector Shape - Ellipse","hd":false},{"ty":"st","c":{"a":0,"k":[1,1,1,1],"ix":3},"o":{"a":0,"k":100,"ix":4},"w":{"a":0,"k":2,"ix":5},"lc":1,"lj":1,"ml":4,"bm":0,"nm":"Ã¦ÂÂÃ¨Â¾Â¹ 1","mn":"ADBE Vector Graphic - Stroke","hd":false},{"ty":"fl","c":{"a":0,"k":[1,1,1,1],"ix":4},"o":{"a":0,"k":100,"ix":5},"r":1,"bm":0,"nm":"Ã¥Â¡Â«Ã¥ÂÂ 1","mn":"ADBE Vector Graphic - Fill","hd":false},{"ty":"tr","p":{"a":0,"k":[-692.172,115.828],"ix":2},"a":{"a":0,"k":[0,0],"ix":1},"s":{"a":0,"k":[100,100],"ix":3},"r":{"a":0,"k":0,"ix":6},"o":{"a":0,"k":100,"ix":7},"sk":{"a":0,"k":0,"ix":4},"sa":{"a":0,"k":0,"ix":5},"nm":"Ã¥ÂÂÃ¦ÂÂ¢"}],"nm":"Ã¦Â¤Â­Ã¥ÂÂ 12","np":3,"cix":2,"bm":0,"ix":34,"mn":"ADBE Vector Group","hd":false},{"ty":"gr","it":[{"d":1,"ty":"el","s":{"a":0,"k":[20.594,20.594],"ix":2},"p":{"a":0,"k":[0,0],"ix":3},"nm":"Ã¦Â¤Â­Ã¥ÂÂÃ¨Â·Â¯Ã¥Â¾Â 1","mn":"ADBE Vector Shape - Ellipse","hd":false},{"ty":"st","c":{"a":0,"k":[1,1,1,1],"ix":3},"o":{"a":0,"k":100,"ix":4},"w":{"a":0,"k":2,"ix":5},"lc":1,"lj":1,"ml":4,"bm":0,"nm":"Ã¦ÂÂÃ¨Â¾Â¹ 1","mn":"ADBE Vector Graphic - Stroke","hd":false},{"ty":"fl","c":{"a":0,"k":[1,1,1,1],"ix":4},"o":{"a":0,"k":100,"ix":5},"r":1,"bm":0,"nm":"Ã¥Â¡Â«Ã¥ÂÂ 1","mn":"ADBE Vector Graphic - Fill","hd":false},{"ty":"tr","p":{"a":0,"k":[-521.703,502.297],"ix":2},"a":{"a":0,"k":[0,0],"ix":1},"s":{"a":0,"k":[100,100],"ix":3},"r":{"a":0,"k":0,"ix":6},"o":{"a":0,"k":100,"ix":7},"sk":{"a":0,"k":0,"ix":4},"sa":{"a":0,"k":0,"ix":5},"nm":"Ã¥ÂÂÃ¦ÂÂ¢"}],"nm":"Ã¦Â¤Â­Ã¥ÂÂ 11","np":3,"cix":2,"bm":0,"ix":35,"mn":"ADBE Vector Group","hd":false},{"ty":"gr","it":[{"d":1,"ty":"el","s":{"a":0,"k":[22.125,22.125],"ix":2},"p":{"a":0,"k":[0,0],"ix":3},"nm":"Ã¦Â¤Â­Ã¥ÂÂÃ¨Â·Â¯Ã¥Â¾Â 1","mn":"ADBE Vector Shape - Ellipse","hd":false},{"ty":"st","c":{"a":0,"k":[1,1,1,1],"ix":3},"o":{"a":0,"k":100,"ix":4},"w":{"a":0,"k":2,"ix":5},"lc":1,"lj":1,"ml":4,"bm":0,"nm":"Ã¦ÂÂÃ¨Â¾Â¹ 1","mn":"ADBE Vector Graphic - Stroke","hd":false},{"ty":"fl","c":{"a":0,"k":[1,1,1,1],"ix":4},"o":{"a":0,"k":100,"ix":5},"r":1,"bm":0,"nm":"Ã¥Â¡Â«Ã¥ÂÂ 1","mn":"ADBE Vector Graphic - Fill","hd":false},{"ty":"tr","p":{"a":0,"k":[-816.938,459.062],"ix":2},"a":{"a":0,"k":[0,0],"ix":1},"s":{"a":0,"k":[100,100],"ix":3},"r":{"a":0,"k":0,"ix":6},"o":{"a":0,"k":100,"ix":7},"sk":{"a":0,"k":0,"ix":4},"sa":{"a":0,"k":0,"ix":5},"nm":"Ã¥ÂÂÃ¦ÂÂ¢"}],"nm":"Ã¦Â¤Â­Ã¥ÂÂ 10","np":3,"cix":2,"bm":0,"ix":36,"mn":"ADBE Vector Group","hd":false},{"ty":"gr","it":[{"d":1,"ty":"el","s":{"a":0,"k":[11.828,11.828],"ix":2},"p":{"a":0,"k":[0,0],"ix":3},"nm":"Ã¦Â¤Â­Ã¥ÂÂÃ¨Â·Â¯Ã¥Â¾Â 1","mn":"ADBE Vector Shape - Ellipse","hd":false},{"ty":"st","c":{"a":0,"k":[1,1,1,1],"ix":3},"o":{"a":0,"k":100,"ix":4},"w":{"a":0,"k":2,"ix":5},"lc":1,"lj":1,"ml":4,"bm":0,"nm":"Ã¦ÂÂÃ¨Â¾Â¹ 1","mn":"ADBE Vector Graphic - Stroke","hd":false},{"ty":"fl","c":{"a":0,"k":[1,1,1,1],"ix":4},"o":{"a":0,"k":100,"ix":5},"r":1,"bm":0,"nm":"Ã¥Â¡Â«Ã¥ÂÂ 1","mn":"ADBE Vector Graphic - Fill","hd":false},{"ty":"tr","p":{"a":0,"k":[-870.086,145.914],"ix":2},"a":{"a":0,"k":[0,0],"ix":1},"s":{"a":0,"k":[100,100],"ix":3},"r":{"a":0,"k":0,"ix":6},"o":{"a":0,"k":100,"ix":7},"sk":{"a":0,"k":0,"ix":4},"sa":{"a":0,"k":0,"ix":5},"nm":"Ã¥ÂÂÃ¦ÂÂ¢"}],"nm":"Ã¦Â¤Â­Ã¥ÂÂ 9","np":3,"cix":2,"bm":0,"ix":37,"mn":"ADBE Vector Group","hd":false},{"ty":"gr","it":[{"d":1,"ty":"el","s":{"a":0,"k":[13.859,13.859],"ix":2},"p":{"a":0,"k":[0,0],"ix":3},"nm":"Ã¦Â¤Â­Ã¥ÂÂÃ¨Â·Â¯Ã¥Â¾Â 1","mn":"ADBE Vector Shape - Ellipse","hd":false},{"ty":"st","c":{"a":0,"k":[1,1,1,1],"ix":3},"o":{"a":0,"k":100,"ix":4},"w":{"a":0,"k":2,"ix":5},"lc":1,"lj":1,"ml":4,"bm":0,"nm":"Ã¦ÂÂÃ¨Â¾Â¹ 1","mn":"ADBE Vector Graphic - Stroke","hd":false},{"ty":"fl","c":{"a":0,"k":[1,1,1,1],"ix":4},"o":{"a":0,"k":100,"ix":5},"r":1,"bm":0,"nm":"Ã¥Â¡Â«Ã¥ÂÂ 1","mn":"ADBE Vector Graphic - Fill","hd":false},{"ty":"tr","p":{"a":0,"k":[-897.07,258.93],"ix":2},"a":{"a":0,"k":[0,0],"ix":1},"s":{"a":0,"k":[100,100],"ix":3},"r":{"a":0,"k":0,"ix":6},"o":{"a":0,"k":100,"ix":7},"sk":{"a":0,"k":0,"ix":4},"sa":{"a":0,"k":0,"ix":5},"nm":"Ã¥ÂÂÃ¦ÂÂ¢"}],"nm":"Ã¦Â¤Â­Ã¥ÂÂ 8","np":3,"cix":2,"bm":0,"ix":38,"mn":"ADBE Vector Group","hd":false},{"ty":"gr","it":[{"d":1,"ty":"el","s":{"a":0,"k":[29.969,29.969],"ix":2},"p":{"a":0,"k":[0,0],"ix":3},"nm":"Ã¦Â¤Â­Ã¥ÂÂÃ¨Â·Â¯Ã¥Â¾Â 1","mn":"ADBE Vector Shape - Ellipse","hd":false},{"ty":"st","c":{"a":0,"k":[1,1,1,1],"ix":3},"o":{"a":0,"k":100,"ix":4},"w":{"a":0,"k":2,"ix":5},"lc":1,"lj":1,"ml":4,"bm":0,"nm":"Ã¦ÂÂÃ¨Â¾Â¹ 1","mn":"ADBE Vector Graphic - Stroke","hd":false},{"ty":"fl","c":{"a":0,"k":[1,1,1,1],"ix":4},"o":{"a":0,"k":100,"ix":5},"r":1,"bm":0,"nm":"Ã¥Â¡Â«Ã¥ÂÂ 1","mn":"ADBE Vector Graphic - Fill","hd":false},{"ty":"tr","p":{"a":0,"k":[-609.016,350.984],"ix":2},"a":{"a":0,"k":[0,0],"ix":1},"s":{"a":0,"k":[100,100],"ix":3},"r":{"a":0,"k":0,"ix":6},"o":{"a":0,"k":100,"ix":7},"sk":{"a":0,"k":0,"ix":4},"sa":{"a":0,"k":0,"ix":5},"nm":"Ã¥ÂÂÃ¦ÂÂ¢"}],"nm":"Ã¦Â¤Â­Ã¥ÂÂ 7","np":3,"cix":2,"bm":0,"ix":39,"mn":"ADBE Vector Group","hd":false},{"ty":"gr","it":[{"d":1,"ty":"el","s":{"a":0,"k":[17.562,17.562],"ix":2},"p":{"a":0,"k":[0,0],"ix":3},"nm":"Ã¦Â¤Â­Ã¥ÂÂÃ¨Â·Â¯Ã¥Â¾Â 1","mn":"ADBE Vector Shape - Ellipse","hd":false},{"ty":"st","c":{"a":0,"k":[1,1,1,1],"ix":3},"o":{"a":0,"k":100,"ix":4},"w":{"a":0,"k":2,"ix":5},"lc":1,"lj":1,"ml":4,"bm":0,"nm":"Ã¦ÂÂÃ¨Â¾Â¹ 1","mn":"ADBE Vector Graphic - Stroke","hd":false},{"ty":"fl","c":{"a":0,"k":[1,1,1,1],"ix":4},"o":{"a":0,"k":100,"ix":5},"r":1,"bm":0,"nm":"Ã¥Â¡Â«Ã¥ÂÂ 1","mn":"ADBE Vector Graphic - Fill","hd":false},{"ty":"tr","p":{"a":0,"k":[-763.219,288.781],"ix":2},"a":{"a":0,"k":[0,0],"ix":1},"s":{"a":0,"k":[100,100],"ix":3},"r":{"a":0,"k":0,"ix":6},"o":{"a":0,"k":100,"ix":7},"sk":{"a":0,"k":0,"ix":4},"sa":{"a":0,"k":0,"ix":5},"nm":"Ã¥ÂÂÃ¦ÂÂ¢"}],"nm":"Ã¦Â¤Â­Ã¥ÂÂ 6","np":3,"cix":2,"bm":0,"ix":40,"mn":"ADBE Vector Group","hd":false},{"ty":"gr","it":[{"d":1,"ty":"el","s":{"a":0,"k":[11.812,11.812],"ix":2},"p":{"a":0,"k":[0,0],"ix":3},"nm":"Ã¦Â¤Â­Ã¥ÂÂÃ¨Â·Â¯Ã¥Â¾Â 1","mn":"ADBE Vector Shape - Ellipse","hd":false},{"ty":"st","c":{"a":0,"k":[1,1,1,1],"ix":3},"o":{"a":0,"k":100,"ix":4},"w":{"a":0,"k":2,"ix":5},"lc":1,"lj":1,"ml":4,"bm":0,"nm":"Ã¦ÂÂÃ¨Â¾Â¹ 1","mn":"ADBE Vector Graphic - Stroke","hd":false},{"ty":"fl","c":{"a":0,"k":[1,1,1,1],"ix":4},"o":{"a":0,"k":100,"ix":5},"r":1,"bm":0,"nm":"Ã¥Â¡Â«Ã¥ÂÂ 1","mn":"ADBE Vector Graphic - Fill","hd":false},{"ty":"tr","p":{"a":0,"k":[-798.094,45.906],"ix":2},"a":{"a":0,"k":[0,0],"ix":1},"s":{"a":0,"k":[100,100],"ix":3},"r":{"a":0,"k":0,"ix":6},"o":{"a":0,"k":100,"ix":7},"sk":{"a":0,"k":0,"ix":4},"sa":{"a":0,"k":0,"ix":5},"nm":"Ã¥ÂÂÃ¦ÂÂ¢"}],"nm":"Ã¦Â¤Â­Ã¥ÂÂ 5","np":3,"cix":2,"bm":0,"ix":41,"mn":"ADBE Vector Group","hd":false},{"ty":"gr","it":[{"d":1,"ty":"el","s":{"a":0,"k":[14.969,14.969],"ix":2},"p":{"a":0,"k":[0,0],"ix":3},"nm":"Ã¦Â¤Â­Ã¥ÂÂÃ¨Â·Â¯Ã¥Â¾Â 1","mn":"ADBE Vector Shape - Ellipse","hd":false},{"ty":"st","c":{"a":0,"k":[1,1,1,1],"ix":3},"o":{"a":0,"k":100,"ix":4},"w":{"a":0,"k":2,"ix":5},"lc":1,"lj":1,"ml":4,"bm":0,"nm":"Ã¦ÂÂÃ¨Â¾Â¹ 1","mn":"ADBE Vector Graphic - Stroke","hd":false},{"ty":"fl","c":{"a":0,"k":[1,1,1,1],"ix":4},"o":{"a":0,"k":100,"ix":5},"r":1,"bm":0,"nm":"Ã¥Â¡Â«Ã¥ÂÂ 1","mn":"ADBE Vector Graphic - Fill","hd":false},{"ty":"tr","p":{"a":0,"k":[-924.516,-24.516],"ix":2},"a":{"a":0,"k":[0,0],"ix":1},"s":{"a":0,"k":[100,100],"ix":3},"r":{"a":0,"k":0,"ix":6},"o":{"a":0,"k":100,"ix":7},"sk":{"a":0,"k":0,"ix":4},"sa":{"a":0,"k":0,"ix":5},"nm":"Ã¥ÂÂÃ¦ÂÂ¢"}],"nm":"Ã¦Â¤Â­Ã¥ÂÂ 4","np":3,"cix":2,"bm":0,"ix":42,"mn":"ADBE Vector Group","hd":false},{"ty":"gr","it":[{"d":1,"ty":"el","s":{"a":0,"k":[12.656,12.656],"ix":2},"p":{"a":0,"k":[0,0],"ix":3},"nm":"Ã¦Â¤Â­Ã¥ÂÂÃ¨Â·Â¯Ã¥Â¾Â 1","mn":"ADBE Vector Shape - Ellipse","hd":false},{"ty":"st","c":{"a":0,"k":[1,1,1,1],"ix":3},"o":{"a":0,"k":100,"ix":4},"w":{"a":0,"k":2,"ix":5},"lc":1,"lj":1,"ml":4,"bm":0,"nm":"Ã¦ÂÂÃ¨Â¾Â¹ 1","mn":"ADBE Vector Graphic - Stroke","hd":false},{"ty":"fl","c":{"a":0,"k":[1,1,1,1],"ix":4},"o":{"a":0,"k":100,"ix":5},"r":1,"bm":0,"nm":"Ã¥Â¡Â«Ã¥ÂÂ 1","mn":"ADBE Vector Graphic - Fill","hd":false},{"ty":"tr","p":{"a":0,"k":[-717.672,-189.672],"ix":2},"a":{"a":0,"k":[0,0],"ix":1},"s":{"a":0,"k":[100,100],"ix":3},"r":{"a":0,"k":0,"ix":6},"o":{"a":0,"k":100,"ix":7},"sk":{"a":0,"k":0,"ix":4},"sa":{"a":0,"k":0,"ix":5},"nm":"Ã¥ÂÂÃ¦ÂÂ¢"}],"nm":"Ã¦Â¤Â­Ã¥ÂÂ 3","np":3,"cix":2,"bm":0,"ix":43,"mn":"ADBE Vector Group","hd":false},{"ty":"gr","it":[{"d":1,"ty":"el","s":{"a":0,"k":[27.703,27.703],"ix":2},"p":{"a":0,"k":[0,0],"ix":3},"nm":"Ã¦Â¤Â­Ã¥ÂÂÃ¨Â·Â¯Ã¥Â¾Â 1","mn":"ADBE Vector Shape - Ellipse","hd":false},{"ty":"st","c":{"a":0,"k":[1,1,1,1],"ix":3},"o":{"a":0,"k":100,"ix":4},"w":{"a":0,"k":2,"ix":5},"lc":1,"lj":1,"ml":4,"bm":0,"nm":"Ã¦ÂÂÃ¨Â¾Â¹ 1","mn":"ADBE Vector Graphic - Stroke","hd":false},{"ty":"fl","c":{"a":0,"k":[1,1,1,1],"ix":4},"o":{"a":0,"k":100,"ix":5},"r":1,"bm":0,"nm":"Ã¥Â¡Â«Ã¥ÂÂ 1","mn":"ADBE Vector Graphic - Fill","hd":false},{"ty":"tr","p":{"a":0,"k":[-838.148,-282.148],"ix":2},"a":{"a":0,"k":[0,0],"ix":1},"s":{"a":0,"k":[100,100],"ix":3},"r":{"a":0,"k":0,"ix":6},"o":{"a":0,"k":100,"ix":7},"sk":{"a":0,"k":0,"ix":4},"sa":{"a":0,"k":0,"ix":5},"nm":"Ã¥ÂÂÃ¦ÂÂ¢"}],"nm":"Ã¦Â¤Â­Ã¥ÂÂ 2","np":3,"cix":2,"bm":0,"ix":44,"mn":"ADBE Vector Group","hd":false},{"ty":"gr","it":[{"d":1,"ty":"el","s":{"a":0,"k":[22.375,22.375],"ix":2},"p":{"a":0,"k":[0,0],"ix":3},"nm":"Ã¦Â¤Â­Ã¥ÂÂÃ¨Â·Â¯Ã¥Â¾Â 1","mn":"ADBE Vector Shape - Ellipse","hd":false},{"ty":"st","c":{"a":0,"k":[1,1,1,1],"ix":3},"o":{"a":0,"k":100,"ix":4},"w":{"a":0,"k":2,"ix":5},"lc":1,"lj":1,"ml":4,"bm":0,"nm":"Ã¦ÂÂÃ¨Â¾Â¹ 1","mn":"ADBE Vector Graphic - Stroke","hd":false},{"ty":"fl","c":{"a":0,"k":[1,1,1,1],"ix":4},"o":{"a":0,"k":100,"ix":5},"r":1,"bm":0,"nm":"Ã¥Â¡Â«Ã¥ÂÂ 1","mn":"ADBE Vector Graphic - Fill","hd":false},{"ty":"tr","p":{"a":0,"k":[-764.812,-436.812],"ix":2},"a":{"a":0,"k":[0,0],"ix":1},"s":{"a":0,"k":[100,100],"ix":3},"r":{"a":0,"k":0,"ix":6},"o":{"a":0,"k":100,"ix":7},"sk":{"a":0,"k":0,"ix":4},"sa":{"a":0,"k":0,"ix":5},"nm":"Ã¥ÂÂÃ¦ÂÂ¢"}],"nm":"Ã¦Â¤Â­Ã¥ÂÂ 1","np":3,"cix":2,"bm":0,"ix":45,"mn":"ADBE Vector Group","hd":false}],"ip":0,"op":360,"st":0,"bm":0}],"markers":[]}